fc_uid,tmdb_id,imdb_id,thetvdb_id,trakt_id,flixpatrol_id,title,original_title,title_type,season_number,max_seasons,season_episodes,total_episodes,start_year,end_year,premiere_date,finale_date,runtime_minutes,genres,is_adult,status,original_language,country,regions,overview,tagline,age_certification,homepage,streaming_platform,streaming_platform_global,streaming_platform_usa,streaming_platform_uk,streaming_platform_row,network,studio,production_country,studio_type,studio_headquarters,studio_offices,studio_hits,production_companies,creators,directors,writers,producers,cast_data,budget,revenue,imdb_score,imdb_vote_count,tmdb_score,tmdb_vote_count,tmdb_popularity,rotten_tomatoes_score,metacritic_score,netflix_hours_viewed,netflix_views,nielsen_viewers_millions,flixpatrol_points,flixpatrol_rank,parrot_demand_expressions,source_api,source_apis_used,ingestion_timestamp,confidence_score,measurement_scope,poster,backdrop,trailer_url,videos,similar_content,keywords,imdb_url
fc_1ec31f5253d95146,,tt4574334,,,,Stranger Things,,tv_show,,5.0,,,,,,,,,,,,,,,,,,,,,,,,,,,,,,,,,,,,,,8.6,1566461.0,,,,,,,,,,,,omdb,,2026-01-11T16:14:13.929467,,,,,,,,,
fc_71188be2725c0814,,tt12343534,,,,JUJUTSU KAISEN,,tv_show,,3.0,,,,,,,,,,,,,,,,,,,,,,,,,,,,,,,,,,,,,,8.5,171858.0,,,,,,,,,,,,omdb,,2026-01-11T16:14:13.931433,,,,,,,,,
fc_a8d4aea41b86a651,,tt1399664,,,,The Night Manager,,tv_show,,2.0,,,,,,,,,,,,,,,,,,,,,,,,,,,,,,,,,,,,,,8.0,117468.0,,,,,,,,,,,,omdb,,2026-01-11T16:14:13.931459,,,,,,,,,
fc_85c5ba04ef8829e7,,tt31938062,,,,The Pitt,,tv_show,,2.0,,,,,,,,,,,,,,,,,,,,,,,,,,,,,,,,,,,,,,8.9,90794.0,,,,,,,,,,,,omdb,,2026-01-11T16:14:13.931472,,,,,,,,,
fc_b540b02bdf02083e,,tt33035373,,,,HIS & HERS,,tv_show,,1.0,,,,,,,,,,,,,,,,,,,,,,,,,,,,,,,,,,,,,,,,,,,,,,,,,,,omdb,,2026-01-11T16:14:13.931489,,,,,,,,,
fc_f0484c9bd9fb07e8,,tt14186672,,,,Landman,,tv_show,,2.0,,,,,,,,,,,,,,,,,,,,,,,,,,,,,,,,,,,,,,8.2,85813.0,,,,,,,,,,,,omdb,,2026-01-11T16:14:13.931503,,,,,,,,,
fc_4865e1e167239837,,tt12637874,,,,Fallout,,tv_show,,2.0,,,,,,,,,,,,,,,,,,,,,,,,,,,,,,,,,,,,,,8.3,355937.0,,,,,,,,,,,,omdb,,2026-01-11T16:14:13.931514,,,,,,,,,
fc_8e49dab3b856a3cb,,tt0388629,,,,One Piece,,tv_show,,1.0,,,,,,,,,,,,,,,,,,,,,,,,,,,,,,,,,,,,,,9.0,331084.0,,,,,,,,,,,,omdb,,2026-01-11T16:14:13.931526,,,,,,,,,
fc_53b7be89026a9c99,,tt7587890,,,,The Rookie,,tv_show,,8.0,,,,,,,,,,,,,,,,,,,,,,,,,,,,,,,,,,,,,,8.0,116400.0,,,,,,,,,,,,omdb,,2026-01-11T16:14:13.931537,,,,,,,,,
fc_53788ee287de31e0,,tt19244304,,,,IT: Welcome to Derry,,tv_show,,1.0,,,,,,,,,,,,,,,,,,,,,,,,,,,,,,,,,,,,,,8.0,71096.0,,,,,,,,,,,,omdb,,2026-01-11T16:14:13.931553,,,,,,,,,
fc_b393bf2c3bd45180,,tt21216104,,,,TRIGUN STAMPEDE,,tv_show,,1.0,,,,,,,,,,,,,,,,,,,,,,,,,,,,,,,,,,,,,,7.3,2512.0,,,,,,,,,,,,omdb,,2026-01-11T16:14:13.931565,,,,,,,,,
fc_e9e90e0cfe1b30bb,,tt22202452,,,,Pluribus,,tv_show,,2.0,,,,,,,,,,,,,,,,,,,,,,,,,,,,,,,,,,,,,,8.1,76652.0,,,,,,,,,,,,omdb,,2026-01-11T16:14:13.931577,,,,,,,,,
fc_be8caba6516ce3be,,tt32536168,,,,Sentenced to Be a Hero,,tv_show,,1.0,,,,,,,,,,,,,,,,,,,,,,,,,,,,,,,,,,,,,,8.9,530.0,,,,,,,,,,,,omdb,,2026-01-11T16:14:13.931682,,,,,,,,,
fc_f2a1a99c75cafcaf,,tt27543632,,,,The Housemaid,,,,,,,,,,,,,,,,,,,,,,,,,,,,,,,,,,,,,,,,,,,,,,,,,,,,,,,imdb_scrape,,2026-01-11T16:14:13.931802,,,,,,,,,https://www.imdb.com/title/tt27543632/
fc_962075a8358bc2f5,,tt1757678,,,,Avatar: Fire and Ash,,,,,,,,,,,,,,,,,,,,,,,,,,,,,,,,,,,,,,,,,,,,,,,,,,,,,,,imdb_scrape,,2026-01-11T16:14:13.931824,,,,,,,,,https://www.imdb.com/title/tt1757678/
fc_bdd0574593d1bcc2,,tt32916440,,,,Marty Supreme,,,,,,,,,,,,,,,,,,,,,,,,,,,,,,,,,,,,,,,,,,,,,,,,,,,,,,,imdb_scrape,,2026-01-11T16:14:13.931839,,,,,,,,,https://www.imdb.com/title/tt32916440/
fc_b613d407b89038f3,,tt14364480,,,,Wake Up Dead Man,,,,,,,,,,,,,,,,,,,,,,,,,,,,,,,,,,,,,,,,,,,,,,,,,,,,,,,imdb_scrape,,2026-01-11T16:14:13.931852,,,,,,,,,https://www.imdb.com/title/tt14364480/
fc_708a1455e928a3c0,,tt30144839,,,,One Battle After Another,,,,,,,,,,,,,,,,,,,,,,,,,,,,,,,,,,,,,,,,,,,,,,,,,,,,,,,imdb_scrape,,2026-01-11T16:14:13.931864,,,,,,,,,https://www.imdb.com/title/tt30144839/
fc_76b85724db1e0aed,,tt31495504,,,,The Tiger,,,,,,,,,,,,,,,,,,,,,,,,,,,,,,,,,,,,,,,,,,,,,,,,,,,,,,,imdb_scrape,,2026-01-11T16:14:13.931874,,,,,,,,,https://www.imdb.com/title/tt31495504/
fc_bd4d90e11406eedf,,tt12300742,,,,Bugonia,,,,,,,,,,,,,,,,,,,,,,,,,,,,,,,,,,,,,,,,,,,,,,,,,,,,,,,imdb_scrape,,2026-01-11T16:14:13.931886,,,,,,,,,https://www.imdb.com/title/tt12300742/
fc_782983e96306470f,,tt21357150,,,,Avengers: Doomsday,,,,,,,,,,,,,,,,,,,,,,,,,,,,,,,,,,,,,,,,,,,,,,,,,,,,,,,imdb_scrape,,2026-01-11T16:14:13.931897,,,,,,,,,https://www.imdb.com/title/tt21357150/
fc_6e1292bd3cc8d09a,,tt33244668,,,,Anaconda,,,,,,,,,,,,,,,,,,,,,,,,,,,,,,,,,,,,,,,,,,,,,,,,,,,,,,,imdb_scrape,,2026-01-11T16:14:13.931908,,,,,,,,,https://www.imdb.com/title/tt33244668/
fc_4b7bd16caaa25c2d,,tt29567915,,,,Nuremberg,,,,,,,,,,,,,,,,,,,,,,,,,,,,,,,,,,,,,,,,,,,,,,,,,,,,,,,imdb_scrape,,2026-01-11T16:14:13.931919,,,,,,,,,https://www.imdb.com/title/tt29567915/
fc_5158e3143cf53b04,,tt26443597,,,,Zootopia 2,,,,,,,,,,,,,,,,,,,,,,,,,,,,,,,,,,,,,,,,,,,,,,,,,,,,,,,imdb_scrape,,2026-01-11T16:14:13.931935,,,,,,,,,https://www.imdb.com/title/tt26443597/
fc_d8b6cd943f3900bf,,tt33014583,,,,Dhurandhar,,,,,,,,,,,,,,,,,,,,,,,,,,,,,,,,,,,,,,,,,,,,,,,,,,,,,,,imdb_scrape,,2026-01-11T16:14:13.931947,,,,,,,,,https://www.imdb.com/title/tt33014583/
fc_f95d5c1fd490ff60,,tt31193180,,,,Sinners,,,,,,,,,,,,,,,,,,,,,,,,,,,,,,,,,,,,,,,,,,,,,,,,,,,,,,,imdb_scrape,,2026-01-11T16:14:13.931958,,,,,,,,,https://www.imdb.com/title/tt31193180/
fc_0ada5148c44fd02c,,tt1312221,,,,Frankenstein,,,,,,,,,,,,,,,,,,,,,,,,,,,,,,,,,,,,,,,,,,,,,,,,,,,,,,,imdb_scrape,,2026-01-11T16:14:13.931969,,,,,,,,,https://www.imdb.com/title/tt1312221/
fc_eda7fc61ea56271b,,tt16311594,,,,F1: The Movie,,,,,,,,,,,,,,,,,,,,,,,,,,,,,,,,,,,,,,,,,,,,,,,,,,,,,,,imdb_scrape,,2026-01-11T16:14:13.931981,,,,,,,,,https://www.imdb.com/title/tt16311594/
fc_888dfdb22ca64f30,,tt29768334,,,,Train Dreams,,,,,,,,,,,,,,,,,,,,,,,,,,,,,,,,,,,,,,,,,,,,,,,,,,,,,,,imdb_scrape,,2026-01-11T16:14:13.931992,,,,,,,,,https://www.imdb.com/title/tt29768334/
fc_5f3418613c3c1dc6,,tt1630029,,,,Avatar: The Way of Water,,,,,,,,,,,,,,,,,,,,,,,,,,,,,,,,,,,,,,,,,,,,,,,,,,,,,,,imdb_scrape,,2026-01-11T16:14:13.932006,,,,,,,,,https://www.imdb.com/title/tt1630029/
fc_4f052925a662c6cd,,tt27714581,,,,Sentimental Value,,,,,,,,,,,,,,,,,,,,,,,,,,,,,,,,,,,,,,,,,,,,,,,,,,,,,,,imdb_scrape,,2026-01-11T16:14:13.932018,,,,,,,,,https://www.imdb.com/title/tt27714581/
fc_c6e4fb4609dfc575,,tt8946378,,,,Knives Out,,,,,,,,,,,,,,,,,,,,,,,,,,,,,,,,,,,,,,,,,,,,,,,,,,,,,,,imdb_scrape,,2026-01-11T16:14:13.932029,,,,,,,,,https://www.imdb.com/title/tt8946378/
fc_53f48785374beed6,,tt30343021,,,,Song Sung Blue,,,,,,,,,,,,,,,,,,,,,,,,,,,,,,,,,,,,,,,,,,,,,,,,,,,,,,,imdb_scrape,,2026-01-11T16:14:13.932039,,,,,,,,,https://www.imdb.com/title/tt30343021/
fc_91a7f212e69ace95,,tt26581740,,,,Weapons,,,,,,,,,,,,,,,,,,,,,,,,,,,,,,,,,,,,,,,,,,,,,,,,,,,,,,,imdb_scrape,,2026-01-11T16:14:13.932050,,,,,,,,,https://www.imdb.com/title/tt26581740/
fc_11487f83eef2f2ef,,tt24950660,,,,Eternity,,,,,,,,,,,,,,,,,,,,,,,,,,,,,,,,,,,,,,,,,,,,,,,,,,,,,,,imdb_scrape,,2026-01-11T16:14:13.932060,,,,,,,,,https://www.imdb.com/title/tt24950660/
fc_daf9579b41337ff6,,tt9362736,,,,Die My Love,,,,,,,,,,,,,,,,,,,,,,,,,,,,,,,,,,,,,,,,,,,,,,,,,,,,,,,imdb_scrape,,2026-01-11T16:14:13.932071,,,,,,,,,https://www.imdb.com/title/tt9362736/
fc_b0fae36732149631,,tt0499549,,,,Avatar,,,,,,,,,,,,,,,,,,,,,,,,,,,,,,,,,,,,,,,,,,,,,,,,,,,,,,,imdb_scrape,,2026-01-11T16:14:13.932083,,,,,,,,,https://www.imdb.com/title/tt0499549/
fc_a4b20a2b15cb4b83,,tt14905854,,,,Hamnet,,,,,,,,,,,,,,,,,,,,,,,,,,,,,,,,,,,,,,,,,,,,,,,,,,,,,,,imdb_scrape,,2026-01-11T16:14:13.932094,,,,,,,,,https://www.imdb.com/title/tt14905854/
fc_7f30b223942a2ca9,,,,,,Recently viewed,,,,,,,,,,,,,,,,,,,,,,,,,,,,,,,,,,,,,,,,,,,,,,,,,,,,,,,imdb_scrape,,2026-01-11T16:14:13.932104,,,,,,,,,
fc_3a781a613195888d,,tt9169516,,,,Run Away,,,,,,,,,,,,,,,,,,,,,,,,,,,,,,,,,,,,,,,,,,,,,,,,,,,,,,,imdb_scrape,,2026-01-11T16:14:13.932129,,,,,,,,,https://www.imdb.com/title/tt9169516/
fc_b4e98586d01f1da2,,tt35495073,,,,Heated Rivalry,,,,,,,,,,,,,,,,,,,,,,,,,,,,,,,,,,,,,,,,,,,,,,,,,,,,,,,imdb_scrape,,2026-01-11T16:14:13.932170,,,,,,,,,https://www.imdb.com/title/tt35495073/
fc_b08e0d13ee5a7694,,tt0944947,,,,Game of Thrones,,,,,,,,,,,,,,,,,,,,,,,,,,,,,,,,,,,,,,,,,,,,,,,,,,,,,,,imdb_scrape,,2026-01-11T16:14:13.932213,,,,,,,,,https://www.imdb.com/title/tt0944947/
fc_ab6881dde21b145a,,tt0903747,,,,Breaking Bad,,,,,,,,,,,,,,,,,,,,,,,,,,,,,,,,,,,,,,,,,,,,,,,,,,,,,,,imdb_scrape,,2026-01-11T16:14:13.932224,,,,,,,,,https://www.imdb.com/title/tt0903747/
fc_a0aefafbb9fa902b,,tt31974367,,,,The Beast in Me,,,,,,,,,,,,,,,,,,,,,,,,,,,,,,,,,,,,,,,,,,,,,,,,,,,,,,,imdb_scrape,,2026-01-11T16:14:13.932237,,,,,,,,,https://www.imdb.com/title/tt31974367/
fc_1515b722753c69ae,,tt33501959,,,,Land of Sin,,,,,,,,,,,,,,,,,,,,,,,,,,,,,,,,,,,,,,,,,,,,,,,,,,,,,,,imdb_scrape,,2026-01-11T16:14:13.932264,,,,,,,,,https://www.imdb.com/title/tt33501959/
fc_5404fc9385a4573a,,tt31314791,,,,The Copenhagen Test,,,,,,,,,,,,,,,,,,,,,,,,,,,,,,,,,,,,,,,,,,,,,,,,,,,,,,,imdb_scrape,,2026-01-11T16:14:13.932275,,,,,,,,,https://www.imdb.com/title/tt31314791/
fc_70ba517270052e20,,tt12324366,,,,Percy Jackson and the Olympians,,,,,,,,,,,,,,,,,,,,,,,,,,,,,,,,,,,,,,,,,,,,,,,,,,,,,,,imdb_scrape,,2026-01-11T16:14:13.932287,,,,,,,,,https://www.imdb.com/title/tt12324366/
fc_ddaa3f3de01592aa,,tt5753856,,,,Dark,,,,,,,,,,,,,,,,,,,,,,,,,,,,,,,,,,,,,,,,,,,,,,,,,,,,,,,imdb_scrape,,2026-01-11T16:14:13.932298,,,,,,,,,https://www.imdb.com/title/tt5753856/
fc_9449fab770dce7de,,tt31314751,,,,All Her Fault,,,,,,,,,,,,,,,,,,,,,,,,,,,,,,,,,,,,,,,,,,,,,,,,,,,,,,,imdb_scrape,,2026-01-11T16:14:13.932309,,,,,,,,,https://www.imdb.com/title/tt31314751/
fc_9868718a1d6b5021,,tt21066182,,,,Wonder Man,,,,,,,,,,,,,,,,,,,,,,,,,,,,,,,,,,,,,,,,,,,,,,,,,,,,,,,imdb_scrape,,2026-01-11T16:14:13.932320,,,,,,,,,https://www.imdb.com/title/tt21066182/
fc_7d5acec0237016e3,,tt11712058,,,,Mayor of Kingstown,,,,,,,,,,,,,,,,,,,,,,,,,,,,,,,,,,,,,,,,,,,,,,,,,,,,,,,imdb_scrape,,2026-01-11T16:14:13.932331,,,,,,,,,https://www.imdb.com/title/tt11712058/
fc_cf16d0f51fe02e9e,,tt23897504,,,,Red Eye,,,,,,,,,,,,,,,,,,,,,,,,,,,,,,,,,,,,,,,,,,,,,,,,,,,,,,,imdb_scrape,,2026-01-11T16:14:13.932342,,,,,,,,,https://www.imdb.com/title/tt23897504/
fc_73e3e353b7bbf0ea,,tt11280740,,,,Severance,,,,,,,,,,,,,,,,,,,,,,,,,,,,,,,,,,,,,,,,,,,,,,,,,,,,,,,imdb_scrape,,2026-01-11T16:14:13.932353,,,,,,,,,https://www.imdb.com/title/tt11280740/
fc_b075c328cfe0a57f,,tt1796960,,,,Homeland,,,,,,,,,,,,,,,,,,,,,,,,,,,,,,,,,,,,,,,,,,,,,,,,,,,,,,,imdb_scrape,,2026-01-11T16:14:13.932364,,,,,,,,,https://www.imdb.com/title/tt1796960/
fc_274038324c65d469,,tt3032476,,,,Better Call Saul,,,,,,,,,,,,,,,,,,,,,,,,,,,,,,,,,,,,,,,,,,,,,,,,,,,,,,,imdb_scrape,,2026-01-11T16:14:13.932375,,,,,,,,,https://www.imdb.com/title/tt3032476/
fc_63d6637b0202e92f,,tt29921437,,,,Spartacus: House of Ashur,,,,,,,,,,,,,,,,,,,,,,,,,,,,,,,,,,,,,,,,,,,,,,,,,,,,,,,imdb_scrape,,2026-01-11T16:14:13.932397,,,,,,,,,https://www.imdb.com/title/tt29921437/
fc_1b19426016f7f020,,tt33028778,,,,Primate,,,,,,,,,,,,,,,,,,,,,,,,,,,,,,,,,,,,,,,,,,,,,,,,,,,,,,,imdb_scrape,,2026-01-11T16:14:13.932431,,,,,,,,,https://www.imdb.com/title/tt33028778/
fc_020ec50a98faf3a2,,tt14850054,,,,Greenland 2: Migration,,,,,,,,,,,,,,,,,,,,,,,,,,,,,,,,,,,,,,,,,,,,,,,,,,,,,,,imdb_scrape,,2026-01-11T16:14:13.932464,,,,,,,,,https://www.imdb.com/title/tt14850054/
fc_d19d9fe5071fbf3e,,tt23572848,,,,The SpongeBob Movie: Search for SquarePants,,,,,,,,,,,,,,,,,,,,,,,,,,,,,,,,,,,,,,,,,,,,,,,,,,,,,,,imdb_scrape,,2026-01-11T16:14:13.932499,,,,,,,,,https://www.imdb.com/title/tt23572848/
fc_9586e0245e0a52e4,,tt15678738,,,,David,,,,,,,,,,,,,,,,,,,,,,,,,,,,,,,,,,,,,,,,,,,,,,,,,,,,,,,imdb_scrape,,2026-01-11T16:14:13.932509,,,,,,,,,https://www.imdb.com/title/tt15678738/
fc_c0efd8f10ec4953b,,tt0111161,,,,The Shawshank Redemption,,,,,,,,,,,,,,,,,,,,,,,,,,,,,,,,,,,,,,,,,,,,,,,,,,,,,,,imdb_scrape,,2026-01-11T16:14:13.932548,,,,,,,,,https://www.imdb.com/title/tt0111161/
fc_2ff90154e1637829,,tt0068646,,,,The Godfather,,,,,,,,,,,,,,,,,,,,,,,,,,,,,,,,,,,,,,,,,,,,,,,,,,,,,,,imdb_scrape,,2026-01-11T16:14:13.932561,,,,,,,,,https://www.imdb.com/title/tt0068646/
fc_89e5425b7d927c8d,,tt0468569,,,,The Dark Knight,,,,,,,,,,,,,,,,,,,,,,,,,,,,,,,,,,,,,,,,,,,,,,,,,,,,,,,imdb_scrape,,2026-01-11T16:14:13.932571,,,,,,,,,https://www.imdb.com/title/tt0468569/
fc_28d74707e85c555e,,tt0071562,,,,The Godfather Part II,,,,,,,,,,,,,,,,,,,,,,,,,,,,,,,,,,,,,,,,,,,,,,,,,,,,,,,imdb_scrape,,2026-01-11T16:14:13.932582,,,,,,,,,https://www.imdb.com/title/tt0071562/
fc_6861dd521755ceda,,tt0050083,,,,12 Angry Men,,,,,,,,,,,,,,,,,,,,,,,,,,,,,,,,,,,,,,,,,,,,,,,,,,,,,,,imdb_scrape,,2026-01-11T16:14:13.932593,,,,,,,,,https://www.imdb.com/title/tt0050083/
fc_614599bf5f419467,,tt0167260,,,,The Lord of the Rings: The Return of the King,,,,,,,,,,,,,,,,,,,,,,,,,,,,,,,,,,,,,,,,,,,,,,,,,,,,,,,imdb_scrape,,2026-01-11T16:14:13.932605,,,,,,,,,https://www.imdb.com/title/tt0167260/
fc_eef2b70059d9d36d,,tt0108052,,,,Schindler's List,,,,,,,,,,,,,,,,,,,,,,,,,,,,,,,,,,,,,,,,,,,,,,,,,,,,,,,imdb_scrape,,2026-01-11T16:14:13.932645,,,,,,,,,https://www.imdb.com/title/tt0108052/
fc_1591fcf2c9463474,,tt0120737,,,,The Lord of the Rings: The Fellowship of the Ring,,,,,,,,,,,,,,,,,,,,,,,,,,,,,,,,,,,,,,,,,,,,,,,,,,,,,,,imdb_scrape,,2026-01-11T16:14:13.932664,,,,,,,,,https://www.imdb.com/title/tt0120737/
fc_2d572f73f58cf294,,tt0110912,,,,Pulp Fiction,,,,,,,,,,,,,,,,,,,,,,,,,,,,,,,,,,,,,,,,,,,,,,,,,,,,,,,imdb_scrape,,2026-01-11T16:14:13.932675,,,,,,,,,https://www.imdb.com/title/tt0110912/
fc_18fb2ac6bfe3f2f4,,tt0060196,,,,"The Good, the Bad and the Ugly",,,,,,,,,,,,,,,,,,,,,,,,,,,,,,,,,,,,,,,,,,,,,,,,,,,,,,,imdb_scrape,,2026-01-11T16:14:13.932686,,,,,,,,,https://www.imdb.com/title/tt0060196/
fc_60682f9470e382fe,,tt0167261,,,,The Lord of the Rings: The Two Towers,,,,,,,,,,,,,,,,,,,,,,,,,,,,,,,,,,,,,,,,,,,,,,,,,,,,,,,imdb_scrape,,2026-01-11T16:14:13.932698,,,,,,,,,https://www.imdb.com/title/tt0167261/
fc_37fc4153f0d4157b,,tt0109830,,,,Forrest Gump,,,,,,,,,,,,,,,,,,,,,,,,,,,,,,,,,,,,,,,,,,,,,,,,,,,,,,,imdb_scrape,,2026-01-11T16:14:13.932709,,,,,,,,,https://www.imdb.com/title/tt0109830/
fc_98ccda3e5517e9b8,,tt0137523,,,,Fight Club,,,,,,,,,,,,,,,,,,,,,,,,,,,,,,,,,,,,,,,,,,,,,,,,,,,,,,,imdb_scrape,,2026-01-11T16:14:13.932720,,,,,,,,,https://www.imdb.com/title/tt0137523/
fc_f6a7e204c879f77e,,tt1375666,,,,Inception,,,,,,,,,,,,,,,,,,,,,,,,,,,,,,,,,,,,,,,,,,,,,,,,,,,,,,,imdb_scrape,,2026-01-11T16:14:13.932731,,,,,,,,,https://www.imdb.com/title/tt1375666/
fc_fc24c079d80852e4,,tt0080684,,,,Star Wars: Episode V - The Empire Strikes Back,,,,,,,,,,,,,,,,,,,,,,,,,,,,,,,,,,,,,,,,,,,,,,,,,,,,,,,imdb_scrape,,2026-01-11T16:14:13.932741,,,,,,,,,https://www.imdb.com/title/tt0080684/
fc_671e05813946ebd1,,tt0133093,,,,The Matrix,,,,,,,,,,,,,,,,,,,,,,,,,,,,,,,,,,,,,,,,,,,,,,,,,,,,,,,imdb_scrape,,2026-01-11T16:14:13.932752,,,,,,,,,https://www.imdb.com/title/tt0133093/
fc_7883d5c899b44056,,tt0099685,,,,Goodfellas,,,,,,,,,,,,,,,,,,,,,,,,,,,,,,,,,,,,,,,,,,,,,,,,,,,,,,,imdb_scrape,,2026-01-11T16:14:13.932763,,,,,,,,,https://www.imdb.com/title/tt0099685/
fc_5e6e64c63e407c03,,tt0816692,,,,Interstellar,,,,,,,,,,,,,,,,,,,,,,,,,,,,,,,,,,,,,,,,,,,,,,,,,,,,,,,imdb_scrape,,2026-01-11T16:14:13.932775,,,,,,,,,https://www.imdb.com/title/tt0816692/
fc_9db738e3d1b6c62f,,tt0073486,,,,One Flew Over the Cuckoo's Nest,,,,,,,,,,,,,,,,,,,,,,,,,,,,,,,,,,,,,,,,,,,,,,,,,,,,,,,imdb_scrape,,2026-01-11T16:14:13.932789,,,,,,,,,https://www.imdb.com/title/tt0073486/
fc_cce45b31352b6fad,,tt0114369,,,,Se7en,,,,,,,,,,,,,,,,,,,,,,,,,,,,,,,,,,,,,,,,,,,,,,,,,,,,,,,imdb_scrape,,2026-01-11T16:14:13.932801,,,,,,,,,https://www.imdb.com/title/tt0114369/
fc_74ee1be52e208652,,tt0038650,,,,It's a Wonderful Life,,,,,,,,,,,,,,,,,,,,,,,,,,,,,,,,,,,,,,,,,,,,,,,,,,,,,,,imdb_scrape,,2026-01-11T16:14:13.932824,,,,,,,,,https://www.imdb.com/title/tt0038650/
fc_d0706333bb957e6b,,tt0102926,,,,The Silence of the Lambs,,,,,,,,,,,,,,,,,,,,,,,,,,,,,,,,,,,,,,,,,,,,,,,,,,,,,,,imdb_scrape,,2026-01-11T16:14:13.932837,,,,,,,,,https://www.imdb.com/title/tt0102926/
fc_d4239ff72392f8f9,,tt0047478,,,,Seven Samurai,,,,,,,,,,,,,,,,,,,,,,,,,,,,,,,,,,,,,,,,,,,,,,,,,,,,,,,imdb_scrape,,2026-01-11T16:14:13.932848,,,,,,,,,https://www.imdb.com/title/tt0047478/
fc_9e344859c2a2d94e,,tt0120815,,,,Saving Private Ryan,,,,,,,,,,,,,,,,,,,,,,,,,,,,,,,,,,,,,,,,,,,,,,,,,,,,,,,imdb_scrape,,2026-01-11T16:14:13.932859,,,,,,,,,https://www.imdb.com/title/tt0120815/
fc_6c0f7fc25a69f7d4,,tt0120689,,,,The Green Mile,,,,,,,,,,,,,,,,,,,,,,,,,,,,,,,,,,,,,,,,,,,,,,,,,,,,,,,imdb_scrape,,2026-01-11T16:14:13.932869,,,,,,,,,https://www.imdb.com/title/tt0120689/
fc_9aedf6c56e721e2a,,tt5491994,,,,Planet Earth II,,,,,,,,,,,,,,,,,,,,,,,,,,,,,,,,,,,,,,,,,,,,,,,,,,,,,,,imdb_scrape,,2026-01-11T16:14:13.932905,,,,,,,,,https://www.imdb.com/title/tt5491994/
fc_3d76fa5c6b935030,,tt0795176,,,,Planet Earth,,,,,,,,,,,,,,,,,,,,,,,,,,,,,,,,,,,,,,,,,,,,,,,,,,,,,,,imdb_scrape,,2026-01-11T16:14:13.932915,,,,,,,,,https://www.imdb.com/title/tt0795176/
fc_960d8dfb275e96b6,,tt0185906,,,,Band of Brothers,,,,,,,,,,,,,,,,,,,,,,,,,,,,,,,,,,,,,,,,,,,,,,,,,,,,,,,imdb_scrape,,2026-01-11T16:14:13.932928,,,,,,,,,https://www.imdb.com/title/tt0185906/
fc_26d1ed7351871a55,,tt7366338,,,,Chernobyl,,,,,,,,,,,,,,,,,,,,,,,,,,,,,,,,,,,,,,,,,,,,,,,,,,,,,,,imdb_scrape,,2026-01-11T16:14:13.932939,,,,,,,,,https://www.imdb.com/title/tt7366338/
fc_d85c1d1b9b657f2e,,tt0306414,,,,The Wire,,,,,,,,,,,,,,,,,,,,,,,,,,,,,,,,,,,,,,,,,,,,,,,,,,,,,,,imdb_scrape,,2026-01-11T16:14:13.932951,,,,,,,,,https://www.imdb.com/title/tt0306414/
fc_801fc8f802859834,,tt0417299,,,,Avatar: The Last Airbender,,,,,,,,,,,,,,,,,,,,,,,,,,,,,,,,,,,,,,,,,,,,,,,,,,,,,,,imdb_scrape,,2026-01-11T16:14:13.932962,,,,,,,,,https://www.imdb.com/title/tt0417299/
fc_807de802046ad412,,tt0141842,,,,The Sopranos,,,,,,,,,,,,,,,,,,,,,,,,,,,,,,,,,,,,,,,,,,,,,,,,,,,,,,,imdb_scrape,,2026-01-11T16:14:13.932975,,,,,,,,,https://www.imdb.com/title/tt0141842/
fc_2a56c3618127ff97,,tt6769208,,,,Blue Planet II,,,,,,,,,,,,,,,,,,,,,,,,,,,,,,,,,,,,,,,,,,,,,,,,,,,,,,,imdb_scrape,,2026-01-11T16:14:13.932986,,,,,,,,,https://www.imdb.com/title/tt6769208/
fc_7d997086301a8048,,tt2395695,,,,Cosmos: A Spacetime Odyssey,,,,,,,,,,,,,,,,,,,,,,,,,,,,,,,,,,,,,,,,,,,,,,,,,,,,,,,imdb_scrape,,2026-01-11T16:14:13.932997,,,,,,,,,https://www.imdb.com/title/tt2395695/
fc_b13d191885670b2c,,tt0081846,,,,Cosmos,,,,,,,,,,,,,,,,,,,,,,,,,,,,,,,,,,,,,,,,,,,,,,,,,,,,,,,imdb_scrape,,2026-01-11T16:14:13.933008,,,,,,,,,https://www.imdb.com/title/tt0081846/
fc_4daa994a31779d19,,tt9253866,,,,Our Planet,,,,,,,,,,,,,,,,,,,,,,,,,,,,,,,,,,,,,,,,,,,,,,,,,,,,,,,imdb_scrape,,2026-01-11T16:14:13.933019,,,,,,,,,https://www.imdb.com/title/tt9253866/
fc_b247fe81944e3f85,,tt7678620,,,,Bluey,,,,,,,,,,,,,,,,,,,,,,,,,,,,,,,,,,,,,,,,,,,,,,,,,,,,,,,imdb_scrape,,2026-01-11T16:14:13.933041,,,,,,,,,https://www.imdb.com/title/tt7678620/
fc_960d07259a4f4e67,,tt0071075,,,,The World at War,,,,,,,,,,,,,,,,,,,,,,,,,,,,,,,,,,,,,,,,,,,,,,,,,,,,,,,imdb_scrape,,2026-01-11T16:14:13.933056,,,,,,,,,https://www.imdb.com/title/tt0071075/
fc_a7ccb02b8f378928,,tt1355642,,,,Fullmetal Alchemist: Brotherhood,,,,,,,,,,,,,,,,,,,,,,,,,,,,,,,,,,,,,,,,,,,,,,,,,,,,,,,imdb_scrape,,2026-01-11T16:14:13.933066,,,,,,,,,https://www.imdb.com/title/tt1355642/
fc_c7858d7fe9c77f1d,,tt2560140,,,,Attack on Titan,,,,,,,,,,,,,,,,,,,,,,,,,,,,,,,,,,,,,,,,,,,,,,,,,,,,,,,imdb_scrape,,2026-01-11T16:14:13.933077,,,,,,,,,https://www.imdb.com/title/tt2560140/
fc_1de52e8fc12f1b82,,tt1533395,,,,Life,,,,,,,,,,,,,,,,,,,,,,,,,,,,,,,,,,,,,,,,,,,,,,,,,,,,,,,imdb_scrape,,2026-01-11T16:14:13.933088,,,,,,,,,https://www.imdb.com/title/tt1533395/
fc_cdc618c24a719928,,tt8420184,,,,The Last Dance,,,,,,,,,,,,,,,,,,,,,,,,,,,,,,,,,,,,,,,,,,,,,,,,,,,,,,,imdb_scrape,,2026-01-11T16:14:13.933099,,,,,,,,,https://www.imdb.com/title/tt8420184/
fc_a85efa1c3eb5de20,,tt0052520,,,,The Twilight Zone,,,,,,,,,,,,,,,,,,,,,,,,,,,,,,,,,,,,,,,,,,,,,,,,,,,,,,,imdb_scrape,,2026-01-11T16:14:13.933110,,,,,,,,,https://www.imdb.com/title/tt0052520/
fc_c90c199fb1b9d8b6,,tt2861424,,,,Rick and Morty,,,,,,,,,,,,,,,,,,,,,,,,,,,,,,,,,,,,,,,,,,,,,,,,,,,,,,,imdb_scrape,,2026-01-11T16:14:13.933121,,,,,,,,,https://www.imdb.com/title/tt2861424/
fc_a1de6c632321a03b,,tt1877514,,,,The Vietnam War,,,,,,,,,,,,,,,,,,,,,,,,,,,,,,,,,,,,,,,,,,,,,,,,,,,,,,,imdb_scrape,,2026-01-11T16:14:13.933131,,,,,,,,,https://www.imdb.com/title/tt1877514/
fc_2307a0d04f4b9e81,,tt1475582,,,,Sherlock,,,,,,,,,,,,,,,,,,,,,,,,,,,,,,,,,,,,,,,,,,,,,,,,,,,,,,,imdb_scrape,,2026-01-11T16:14:13.933142,,,,,,,,,https://www.imdb.com/title/tt1475582/
fc_02b549e940f9d27b,,tt0103359,,,,Batman: The Animated Series,,,,,,,,,,,,,,,,,,,,,,,,,,,,,,,,,,,,,,,,,,,,,,,,,,,,,,,imdb_scrape,,2026-01-11T16:14:13.933158,,,,,,,,,https://www.imdb.com/title/tt0103359/
fc_c7fd76c57958ab4b,,tt30274401,,,,Five Nights at Freddy's 2,,,,,,,,,,,,,,,,,,,,,,,,,,,,,,,,,,,,,,,,,,,,,,,,,,,,,,,imdb_scrape,,2026-01-11T16:14:13.933217,,,,,,,,,https://www.imdb.com/title/tt30274401/
fc_96eaa0ec83050db2,,tt35146696,,,,Tu Meri Main Tera Main Tera Tu Meri,,,,,,,,,,,,,,,,,,,,,,,,,,,,,,,,,,,,,,,,,,,,,,,,,,,,,,,imdb_scrape,,2026-01-11T16:14:13.933239,,,,,,,,,https://www.imdb.com/title/tt35146696/
fc_3832ab33f49efd74,,tt15464188,,,,Ikkis,,,,,,,,,,,,,,,,,,,,,,,,,,,,,,,,,,,,,,,,,,,,,,,,,,,,,,,imdb_scrape,,2026-01-11T16:14:13.933250,,,,,,,,,https://www.imdb.com/title/tt15464188/
fc_90a0da7e2d57cba0,,tt31998881,,,,Oh. What. Fun.,,,,,,,,,,,,,,,,,,,,,,,,,,,,,,,,,,,,,,,,,,,,,,,,,,,,,,,imdb_scrape,,2026-01-11T16:14:13.933261,,,,,,,,,https://www.imdb.com/title/tt31998881/
fc_cedb2da55815f07a,,tt29232158,,,,Troll 2,,,,,,,,,,,,,,,,,,,,,,,,,,,,,,,,,,,,,,,,,,,,,,,,,,,,,,,imdb_scrape,,2026-01-11T16:14:13.933282,,,,,,,,,https://www.imdb.com/title/tt29232158/
fc_cde1f8b87fdfa5c3,,tt35219851,,,,My Secret Santa,,,,,,,,,,,,,,,,,,,,,,,,,,,,,,,,,,,,,,,,,,,,,,,,,,,,,,,imdb_scrape,,2026-01-11T16:14:13.933295,,,,,,,,,https://www.imdb.com/title/tt35219851/
fc_ea917a7e24aa9037,,tt22740896,,,,People We Meet on Vacation,,,,,,,,,,,,,,,,,,,,,,,,,,,,,,,,,,,,,,,,,,,,,,,,,,,,,,,imdb_scrape,,2026-01-11T16:14:13.933306,,,,,,,,,https://www.imdb.com/title/tt22740896/
fc_32586ff83cec0dd6,,tt35766629,,,,Goodbye June,,,,,,,,,,,,,,,,,,,,,,,,,,,,,,,,,,,,,,,,,,,,,,,,,,,,,,,imdb_scrape,,2026-01-11T16:14:13.933317,,,,,,,,,https://www.imdb.com/title/tt35766629/
fc_30a2c69f06b11cba,,tt23790696,,,,The Raja Saab,,,,,,,,,,,,,,,,,,,,,,,,,,,,,,,,,,,,,,,,,,,,,,,,,,,,,,,imdb_scrape,,2026-01-11T16:14:13.933327,,,,,,,,,https://www.imdb.com/title/tt23790696/
fc_eff5d31347540d01,,tt32362695,,,,Sarvam Maya,,,,,,,,,,,,,,,,,,,,,,,,,,,,,,,,,,,,,,,,,,,,,,,,,,,,,,,imdb_scrape,,2026-01-11T16:14:13.933337,,,,,,,,,https://www.imdb.com/title/tt32362695/
fc_7e652e2dadfcafcd,,tt28551273,,,,Bha. Bha. Ba.,,,,,,,,,,,,,,,,,,,,,,,,,,,,,,,,,,,,,,,,,,,,,,,,,,,,,,,imdb_scrape,,2026-01-11T16:14:13.933349,,,,,,,,,https://www.imdb.com/title/tt28551273/
fc_a79a328aed297e71,,tt29008225,,,,Fackham Hall,,,,,,,,,,,,,,,,,,,,,,,,,,,,,,,,,,,,,,,,,,,,,,,,,,,,,,,imdb_scrape,,2026-01-11T16:14:13.933360,,,,,,,,,https://www.imdb.com/title/tt29008225/
fc_29a9267f40b9748b,,tt35019998,,,,Parasakthi,,,,,,,,,,,,,,,,,,,,,,,,,,,,,,,,,,,,,,,,,,,,,,,,,,,,,,,imdb_scrape,,2026-01-11T16:14:13.933371,,,,,,,,,https://www.imdb.com/title/tt35019998/
fc_f91f81d75e84c7b9,,tt31281659,,,,Merv,,,,,,,,,,,,,,,,,,,,,,,,,,,,,,,,,,,,,,,,,,,,,,,,,,,,,,,imdb_scrape,,2026-01-11T16:14:13.933382,,,,,,,,,https://www.imdb.com/title/tt31281659/
fc_931712b08e5e3b30,,tt15387182,,,,Akhanda 2 - Thaandavam,,,,,,,,,,,,,,,,,,,,,,,,,,,,,,,,,,,,,,,,,,,,,,,,,,,,,,,imdb_scrape,,2026-01-11T16:14:13.933393,,,,,,,,,https://www.imdb.com/title/tt15387182/
fc_2e10103642a0db16,,tt32537226,,,,Hunting Season,,,,,,,,,,,,,,,,,,,,,,,,,,,,,,,,,,,,,,,,,,,,,,,,,,,,,,,imdb_scrape,,2026-01-11T16:14:13.933404,,,,,,,,,https://www.imdb.com/title/tt32537226/
fc_1c94211d2963ef71,,tt34159694,,,,Shambhala,,,,,,,,,,,,,,,,,,,,,,,,,,,,,,,,,,,,,,,,,,,,,,,,,,,,,,,imdb_scrape,,2026-01-11T16:14:13.933415,,,,,,,,,https://www.imdb.com/title/tt34159694/
fc_1a7bf8e935103592,,tt37443891,,,,Raat Akeli Hai: The Bansal Murders,,,,,,,,,,,,,,,,,,,,,,,,,,,,,,,,,,,,,,,,,,,,,,,,,,,,,,,imdb_scrape,,2026-01-11T16:14:13.933426,,,,,,,,,https://www.imdb.com/title/tt37443891/
fc_d8da1c5a11dfe1bc,,tt33014233,,,,Gezhi Town,,,,,,,,,,,,,,,,,,,,,,,,,,,,,,,,,,,,,,,,,,,,,,,,,,,,,,,imdb_scrape,,2026-01-11T16:14:13.933438,,,,,,,,,https://www.imdb.com/title/tt33014233/
fc_3a34970483548391,,tt39115096,,,,Nirvaagam Porupalla,,,,,,,,,,,,,,,,,,,,,,,,,,,,,,,,,,,,,,,,,,,,,,,,,,,,,,,imdb_scrape,,2026-01-11T16:14:13.933457,,,,,,,,,https://www.imdb.com/title/tt39115096/
fc_cf4271e7bf5caae7,,tt35047134,,,,Man vs Baby,,,,,,,,,,,,,,,,,,,,,,,,,,,,,,,,,,,,,,,,,,,,,,,,,,,,,,,imdb_scrape,,2026-01-11T16:14:13.933481,,,,,,,,,https://www.imdb.com/title/tt35047134/
fc_214c7160969b4852,,tt33473000,,,,Sean Combs: The Reckoning,,,,,,,,,,,,,,,,,,,,,,,,,,,,,,,,,,,,,,,,,,,,,,,,,,,,,,,imdb_scrape,,2026-01-11T16:14:13.933500,,,,,,,,,https://www.imdb.com/title/tt33473000/
fc_15263d067ba50a3f,,tt35089518,,,,The Vendetta of An,,,,,,,,,,,,,,,,,,,,,,,,,,,,,,,,,,,,,,,,,,,,,,,,,,,,,,,imdb_scrape,,2026-01-11T16:14:13.933510,,,,,,,,,https://www.imdb.com/title/tt35089518/
fc_a171839c79bd65b9,,tt16280546,,,,The Abandons,,,,,,,,,,,,,,,,,,,,,,,,,,,,,,,,,,,,,,,,,,,,,,,,,,,,,,,imdb_scrape,,2026-01-11T16:14:13.933521,,,,,,,,,https://www.imdb.com/title/tt16280546/
fc_68c998a62ae7cc61,,tt33035373,,,,His & Hers,,,,,,,,,,,,,,,,,,,,,,,,,,,,,,,,,,,,,,,,,,,,,,,,,,,,,,,imdb_scrape,,2026-01-11T16:14:13.933532,,,,,,,,,https://www.imdb.com/title/tt33035373/
fc_25f2e10bf788be65,,tt30645193,,,,The War Between the Land and the Sea,,,,,,,,,,,,,,,,,,,,,,,,,,,,,,,,,,,,,,,,,,,,,,,,,,,,,,,imdb_scrape,,2026-01-11T16:14:13.933547,,,,,,,,,https://www.imdb.com/title/tt30645193/
fc_926754d27bb469c7,,tt37062070,,,,Single Papa,,,,,,,,,,,,,,,,,,,,,,,,,,,,,,,,,,,,,,,,,,,,,,,,,,,,,,,imdb_scrape,,2026-01-11T16:14:13.933554,,,,,,,,,https://www.imdb.com/title/tt37062070/
fc_f6b5fb9ec25992c0,,tt39028852,,,,Aukaat Ke Bahar,,,,,,,,,,,,,,,,,,,,,,,,,,,,,,,,,,,,,,,,,,,,,,,,,,,,,,,imdb_scrape,,2026-01-11T16:14:13.933561,,,,,,,,,https://www.imdb.com/title/tt39028852/
fc_f8404d1e0aa8f422,,tt39227709,,,,Honeymoon Se Hatya,,,,,,,,,,,,,,,,,,,,,,,,,,,,,,,,,,,,,,,,,,,,,,,,,,,,,,,imdb_scrape,,2026-01-11T16:14:13.933569,,,,,,,,,https://www.imdb.com/title/tt39227709/
fc_688a2ef396b517b0,,tt35674970,,,,Bhay: The Gaurav Tiwari Mystery,,,,,,,,,,,,,,,,,,,,,,,,,,,,,,,,,,,,,,,,,,,,,,,,,,,,,,,imdb_scrape,,2026-01-11T16:14:13.933583,,,,,,,,,https://www.imdb.com/title/tt35674970/
fc_39caa667fa50cf9b,,tt34719392,,,,City of Shadows,,,,,,,,,,,,,,,,,,,,,,,,,,,,,,,,,,,,,,,,,,,,,,,,,,,,,,,imdb_scrape,,2026-01-11T16:14:13.933590,,,,,,,,,https://www.imdb.com/title/tt34719392/
fc_ea6f51c6ab269cf5,,tt37218592,,,,The Price of Confession,,,,,,,,,,,,,,,,,,,,,,,,,,,,,,,,,,,,,,,,,,,,,,,,,,,,,,,imdb_scrape,,2026-01-11T16:14:13.933597,,,,,,,,,https://www.imdb.com/title/tt37218592/
fc_bbb383c380c56ca4,,tt38673133,,,,Taylor Swift: The End of an Era,,,,,,,,,,,,,,,,,,,,,,,,,,,,,,,,,,,,,,,,,,,,,,,,,,,,,,,imdb_scrape,,2026-01-11T16:14:13.933604,,,,,,,,,https://www.imdb.com/title/tt38673133/
fc_acae68ffe4913fc6,,tt30413044,,,,Cashero,,,,,,,,,,,,,,,,,,,,,,,,,,,,,,,,,,,,,,,,,,,,,,,,,,,,,,,imdb_scrape,,2026-01-11T16:14:13.933644,,,,,,,,,https://www.imdb.com/title/tt30413044/
fc_7e6c1df32e3b96e5,,tt34929457,,,,Dare You to Death,,,,,,,,,,,,,,,,,,,,,,,,,,,,,,,,,,,,,,,,,,,,,,,,,,,,,,,imdb_scrape,,2026-01-11T16:14:13.933657,,,,,,,,,https://www.imdb.com/title/tt34929457/
fc_366fdb9ee0aa62ad,,tt32536168,,,,Yûsha-kei ni Shosu Chôbatsu Yûsha 9004-tai Keimu Kiroku,,,,,,,,,,,,,,,,,,,,,,,,,,,,,,,,,,,,,,,,,,,,,,,,,,,,,,,imdb_scrape,,2026-01-11T16:14:13.933665,,,,,,,,,https://www.imdb.com/title/tt32536168/
fc_2b89dcfa90603cd8,,tt24243760,,,,The Town,,,,,,,,,,,,,,,,,,,,,,,,,,,,,,,,,,,,,,,,,,,,,,,,,,,,,,,imdb_scrape,,2026-01-11T16:14:13.933673,,,,,,,,,https://www.imdb.com/title/tt24243760/
fc_19c3ae9f99a59400,,tt38990492,,,,Mrs. Deshpande,,,,,,,,,,,,,,,,,,,,,,,,,,,,,,,,,,,,,,,,,,,,,,,,,,,,,,,imdb_scrape,,2026-01-11T16:14:13.933680,,,,,,,,,https://www.imdb.com/title/tt38990492/
fc_6cb2bab75425cd11,,tt32061880,,,,Amadeus,,,,,,,,,,,,,,,,,,,,,,,,,,,,,,,,,,,,,,,,,,,,,,,,,,,,,,,imdb_scrape,,2026-01-11T16:14:13.933687,,,,,,,,,https://www.imdb.com/title/tt32061880/
fc_ee0e258ed144136f,,tt33369549,,,,My Brother,,,,,,,,,,,,,,,,,,,,,,,,,,,,,,,,,,,,,,,,,,,,,,,,,,,,,,,imdb_scrape,,2026-01-11T16:14:13.933697,,,,,,,,,https://www.imdb.com/title/tt33369549/
fc_22d7819be33212f9,,tt38568136,,,,Kuttram Purindhavan: The Guilty One,,,,,,,,,,,,,,,,,,,,,,,,,,,,,,,,,,,,,,,,,,,,,,,,,,,,,,,imdb_scrape,,2026-01-11T16:14:13.933707,,,,,,,,,https://www.imdb.com/title/tt38568136/
fc_370bc7b3a5defb5a,,tt35841519,,,,Madham,,,,,,,,,,,,,,,,,,,,,,,,,,,,,,,,,,,,,,,,,,,,,,,,,,,,,,,imdb_scrape,,2026-01-11T16:14:13.933735,,,,,,,,,https://www.imdb.com/title/tt35841519/
fc_bd7f6b97245f3b44,,tt15783302,,,,AncheSeLiOdio,,,,,,,,,,,,,,,,,,,,,,,,,,,,,,,,,,,,,,,,,,,,,,,,,,,,,,,imdb_scrape,,2026-01-11T16:14:13.933746,,,,,,,,,https://www.imdb.com/title/tt15783302/
fc_fae59d02261b2748,,tt39177093,,,,The mansion,,,,,,,,,,,,,,,,,,,,,,,,,,,,,,,,,,,,,,,,,,,,,,,,,,,,,,,imdb_scrape,,2026-01-11T16:14:13.933756,,,,,,,,,https://www.imdb.com/title/tt39177093/
fc_f3e16c220cbf161c,,tt39300443,,,,In search of treasures 2,,,,,,,,,,,,,,,,,,,,,,,,,,,,,,,,,,,,,,,,,,,,,,,,,,,,,,,imdb_scrape,,2026-01-11T16:14:13.933765,,,,,,,,,https://www.imdb.com/title/tt39300443/
fc_6cc1cf3210d44ec8,,tt39300414,,,,In search of treasures,,,,,,,,,,,,,,,,,,,,,,,,,,,,,,,,,,,,,,,,,,,,,,,,,,,,,,,imdb_scrape,,2026-01-11T16:14:13.933775,,,,,,,,,https://www.imdb.com/title/tt39300414/
fc_eb51dea7ae314975,,tt39090390,,,,Paisawala,,,,,,,,,,,,,,,,,,,,,,,,,,,,,,,,,,,,,,,,,,,,,,,,,,,,,,,imdb_scrape,,2026-01-11T16:14:13.933785,,,,,,,,,https://www.imdb.com/title/tt39090390/
fc_8282355bef042336,,tt39165054,,,,Yaru Potta Kodu,,,,,,,,,,,,,,,,,,,,,,,,,,,,,,,,,,,,,,,,,,,,,,,,,,,,,,,imdb_scrape,,2026-01-11T16:14:13.933795,,,,,,,,,https://www.imdb.com/title/tt39165054/
fc_67402beed9c38467,,tt39110374,,,,Saa Vee,,,,,,,,,,,,,,,,,,,,,,,,,,,,,,,,,,,,,,,,,,,,,,,,,,,,,,,imdb_scrape,,2026-01-11T16:14:13.933805,,,,,,,,,https://www.imdb.com/title/tt39110374/
fc_ba6c255800ca91fd,,tt39240296,,,,Roots of the Saxons,,,,,,,,,,,,,,,,,,,,,,,,,,,,,,,,,,,,,,,,,,,,,,,,,,,,,,,imdb_scrape,,2026-01-11T16:14:13.933815,,,,,,,,,https://www.imdb.com/title/tt39240296/
fc_9c66ec9c5b499cb4,,tt38645471,,,,7 bazhan,,,,,,,,,,,,,,,,,,,,,,,,,,,,,,,,,,,,,,,,,,,,,,,,,,,,,,,imdb_scrape,,2026-01-11T16:14:13.933825,,,,,,,,,https://www.imdb.com/title/tt38645471/
fc_242c9b0d889a7f74,,tt39147710,,,,Making a Killing,,,,,,,,,,,,,,,,,,,,,,,,,,,,,,,,,,,,,,,,,,,,,,,,,,,,,,,imdb_scrape,,2026-01-11T16:14:13.933835,,,,,,,,,https://www.imdb.com/title/tt39147710/
fc_4d4d1780f0f4fa8f,,tt39291255,,,,Scheme,,,,,,,,,,,,,,,,,,,,,,,,,,,,,,,,,,,,,,,,,,,,,,,,,,,,,,,imdb_scrape,,2026-01-11T16:14:13.933846,,,,,,,,,https://www.imdb.com/title/tt39291255/
fc_b08b1159751b08d3,,tt35886262,,,,The Curse of Modigliani,,,,,,,,,,,,,,,,,,,,,,,,,,,,,,,,,,,,,,,,,,,,,,,,,,,,,,,imdb_scrape,,2026-01-11T16:14:13.933857,,,,,,,,,https://www.imdb.com/title/tt35886262/
fc_4dea68ae7fce583d,,tt18949836,,,,Local Area Network,,,,,,,,,,,,,,,,,,,,,,,,,,,,,,,,,,,,,,,,,,,,,,,,,,,,,,,imdb_scrape,,2026-01-11T16:14:13.933869,,,,,,,,,https://www.imdb.com/title/tt18949836/
fc_a1eb12bed5d454d5,,tt27142469,,,,Nilakanta,,,,,,,,,,,,,,,,,,,,,,,,,,,,,,,,,,,,,,,,,,,,,,,,,,,,,,,imdb_scrape,,2026-01-11T16:14:13.933881,,,,,,,,,https://www.imdb.com/title/tt27142469/
fc_466369011afa383a,,tt36815135,,,,Gurram Paapi Reddy,,,,,,,,,,,,,,,,,,,,,,,,,,,,,,,,,,,,,,,,,,,,,,,,,,,,,,,imdb_scrape,,2026-01-11T16:14:13.933891,,,,,,,,,https://www.imdb.com/title/tt36815135/
fc_e51d47263f8fd137,,tt38781186,,,,Aghosham,,,,,,,,,,,,,,,,,,,,,,,,,,,,,,,,,,,,,,,,,,,,,,,,,,,,,,,imdb_scrape,,2026-01-11T16:14:13.933901,,,,,,,,,https://www.imdb.com/title/tt38781186/
fc_914eccf87a41251b,,tt39014003,,,,Adinaasam Vellapokkam,,,,,,,,,,,,,,,,,,,,,,,,,,,,,,,,,,,,,,,,,,,,,,,,,,,,,,,imdb_scrape,,2026-01-11T16:14:13.933911,,,,,,,,,https://www.imdb.com/title/tt39014003/
fc_b2003bcf107a69fc,,tt31023604,,,,Ruthless Atonement,,,,,,,,,,,,,,,,,,,,,,,,,,,,,,,,,,,,,,,,,,,,,,,,,,,,,,,imdb_scrape,,2026-01-11T16:14:13.933921,,,,,,,,,https://www.imdb.com/title/tt31023604/
fc_f2c97356fedee676,,tt37899932,,,,Game of Loans,,,,,,,,,,,,,,,,,,,,,,,,,,,,,,,,,,,,,,,,,,,,,,,,,,,,,,,imdb_scrape,,2026-01-11T16:14:13.933930,,,,,,,,,https://www.imdb.com/title/tt37899932/
fc_7076e47723712993,,tt38862787,,,,Rubber Nose Massacre,,,,,,,,,,,,,,,,,,,,,,,,,,,,,,,,,,,,,,,,,,,,,,,,,,,,,,,imdb_scrape,,2026-01-11T16:14:13.933941,,,,,,,,,https://www.imdb.com/title/tt38862787/
fc_54dc7ccf9ecca57c,,tt35448249,,,,Sahakutumbaanam,,,,,,,,,,,,,,,,,,,,,,,,,,,,,,,,,,,,,,,,,,,,,,,,,,,,,,,imdb_scrape,,2026-01-11T16:14:13.933952,,,,,,,,,https://www.imdb.com/title/tt35448249/
fc_c969c08d71b1eab2,,tt36774478,,,,Krantijyoti Vidyalay Marathi Madhyam,,,,,,,,,,,,,,,,,,,,,,,,,,,,,,,,,,,,,,,,,,,,,,,,,,,,,,,imdb_scrape,,2026-01-11T16:14:13.933974,,,,,,,,,https://www.imdb.com/title/tt36774478/
fc_7d2809e20dffec23,,tt39195686,,,,Saayavanam,,,,,,,,,,,,,,,,,,,,,,,,,,,,,,,,,,,,,,,,,,,,,,,,,,,,,,,imdb_scrape,,2026-01-11T16:14:13.933986,,,,,,,,,https://www.imdb.com/title/tt39195686/
fc_3b075de9ce51bdd2,,tt32335283,,,,The Eyes of the Abyss,,,,,,,,,,,,,,,,,,,,,,,,,,,,,,,,,,,,,,,,,,,,,,,,,,,,,,,imdb_scrape,,2026-01-11T16:14:13.933997,,,,,,,,,https://www.imdb.com/title/tt32335283/
fc_0aab222df58e554f,,tt39319835,,,,Donkey King,,,,,,,,,,,,,,,,,,,,,,,,,,,,,,,,,,,,,,,,,,,,,,,,,,,,,,,imdb_scrape,,2026-01-11T16:14:13.934023,,,,,,,,,https://www.imdb.com/title/tt39319835/
fc_0bd5b52266a4b7d0,,tt39139650,,,,Trainer Games,,,,,,,,,,,,,,,,,,,,,,,,,,,,,,,,,,,,,,,,,,,,,,,,,,,,,,,imdb_scrape,,2026-01-11T16:14:13.934035,,,,,,,,,https://www.imdb.com/title/tt39139650/
fc_29c51efc65cbb6e7,,tt39184193,,,,Pathogen,,,,,,,,,,,,,,,,,,,,,,,,,,,,,,,,,,,,,,,,,,,,,,,,,,,,,,,imdb_scrape,,2026-01-11T16:14:13.934055,,,,,,,,,https://www.imdb.com/title/tt39184193/
fc_c4be6c8102f38bb6,,tt37578672,,,,The Dream Maker,,,,,,,,,,,,,,,,,,,,,,,,,,,,,,,,,,,,,,,,,,,,,,,,,,,,,,,imdb_scrape,,2026-01-11T16:14:13.934066,,,,,,,,,https://www.imdb.com/title/tt37578672/
fc_941cc129767095e3,,tt39140652,,,,Hidden Secrets of the Adriatic,,,,,,,,,,,,,,,,,,,,,,,,,,,,,,,,,,,,,,,,,,,,,,,,,,,,,,,imdb_scrape,,2026-01-11T16:14:13.934077,,,,,,,,,https://www.imdb.com/title/tt39140652/
fc_3a60037d1e7546de,,tt38973594,,,,The Judge Returns,,,,,,,,,,,,,,,,,,,,,,,,,,,,,,,,,,,,,,,,,,,,,,,,,,,,,,,imdb_scrape,,2026-01-11T16:14:13.934087,,,,,,,,,https://www.imdb.com/title/tt38973594/
fc_3f552662932dbf51,,tt39087862,,,,Wheel Around the World: Taiwan,,,,,,,,,,,,,,,,,,,,,,,,,,,,,,,,,,,,,,,,,,,,,,,,,,,,,,,imdb_scrape,,2026-01-11T16:14:13.934098,,,,,,,,,https://www.imdb.com/title/tt39087862/
fc_67feac34cccb0a88,,tt36358502,,,,Shukla Sadan,,,,,,,,,,,,,,,,,,,,,,,,,,,,,,,,,,,,,,,,,,,,,,,,,,,,,,,imdb_scrape,,2026-01-11T16:14:13.934109,,,,,,,,,https://www.imdb.com/title/tt36358502/
fc_e19edaa4b4e96945,,tt39308936,,,,Banjo and Ro's Grand Island Hotel,,,,,,,,,,,,,,,,,,,,,,,,,,,,,,,,,,,,,,,,,,,,,,,,,,,,,,,imdb_scrape,,2026-01-11T16:14:13.934120,,,,,,,,,https://www.imdb.com/title/tt39308936/
fc_8b3b43eaf1477ff7,,tt39090300,,,,Seher Hone Ko Hai,,,,,,,,,,,,,,,,,,,,,,,,,,,,,,,,,,,,,,,,,,,,,,,,,,,,,,,imdb_scrape,,2026-01-11T16:14:13.934129,,,,,,,,,https://www.imdb.com/title/tt39090300/
fc_23800e14247b5b84,,tt39026359,,,,Virtual Reality,,,,,,,,,,,,,,,,,,,,,,,,,,,,,,,,,,,,,,,,,,,,,,,,,,,,,,,imdb_scrape,,2026-01-11T16:14:13.934136,,,,,,,,,https://www.imdb.com/title/tt39026359/
fc_2e9533488f57f96c,,tt37532722,,,,Tamon's B-Side,,,,,,,,,,,,,,,,,,,,,,,,,,,,,,,,,,,,,,,,,,,,,,,,,,,,,,,imdb_scrape,,2026-01-11T16:14:13.934143,,,,,,,,,https://www.imdb.com/title/tt37532722/
fc_a5ea57e01822aedd,,tt39287518,,,,Kaguya-sama: Love Is War - Stairway to Adulthood,,,,,,,,,,,,,,,,,,,,,,,,,,,,,,,,,,,,,,,,,,,,,,,,,,,,,,,imdb_scrape,,2026-01-11T16:14:13.934156,,,,,,,,,https://www.imdb.com/title/tt39287518/
fc_2774247cd487e1b1,,tt6491484,,,,Tales from Outer Suburbia,,,,,,,,,,,,,,,,,,,,,,,,,,,,,,,,,,,,,,,,,,,,,,,,,,,,,,,imdb_scrape,,2026-01-11T16:14:13.934166,,,,,,,,,https://www.imdb.com/title/tt6491484/
fc_700fb827a87039b0,,tt35019273,,,,The Truth Within,,,,,,,,,,,,,,,,,,,,,,,,,,,,,,,,,,,,,,,,,,,,,,,,,,,,,,,imdb_scrape,,2026-01-11T16:14:13.934189,,,,,,,,,https://www.imdb.com/title/tt35019273/
fc_f229531405a03bcc,,tt38615362,,,,The Archive Dimension (PavFlix),,,,,,,,,,,,,,,,,,,,,,,,,,,,,,,,,,,,,,,,,,,,,,,,,,,,,,,imdb_scrape,,2026-01-11T16:14:13.934208,,,,,,,,,https://www.imdb.com/title/tt38615362/
fc_4ab0d30503b01ba2,,tt32336365,,,,Ikoku Nikki,,,,,,,,,,,,,,,,,,,,,,,,,,,,,,,,,,,,,,,,,,,,,,,,,,,,,,,imdb_scrape,,2026-01-11T16:14:13.934219,,,,,,,,,https://www.imdb.com/title/tt32336365/
fc_489a44b075852d3e,,tt39231511,,,,Vinny Ki Kitaab,,,,,,,,,,,,,,,,,,,,,,,,,,,,,,,,,,,,,,,,,,,,,,,,,,,,,,,imdb_scrape,,2026-01-11T16:14:13.934226,,,,,,,,,https://www.imdb.com/title/tt39231511/
fc_3016761b57e0272e,,tt28230655,,,,Among Us,,,,,,,,,,,,,,,,,,,,,,,,,,,,,,,,,,,,,,,,,,,,,,,,,,,,,,,imdb_scrape,,2026-01-11T16:14:13.934235,,,,,,,,,https://www.imdb.com/title/tt28230655/
fc_7c4339f46c86d37f,,tt29943321,,,,A Wolf's Prey,,,,,,,,,,,,,,,,,,,,,,,,,,,,,,,,,,,,,,,,,,,,,,,,,,,,,,,imdb_scrape,,2026-01-11T16:14:13.934245,,,,,,,,,https://www.imdb.com/title/tt29943321/
fc_ce1b11545dbd42fc,,tt39255171,,,,Does It Count If You Lose Your Virginity to an Android?,,,,,,,,,,,,,,,,,,,,,,,,,,,,,,,,,,,,,,,,,,,,,,,,,,,,,,,imdb_scrape,,2026-01-11T16:14:13.934256,,,,,,,,,https://www.imdb.com/title/tt39255171/
fc_3b5614cf1ad48284,,tt38980445,,,,Tune in to the Midnight Heart,,,,,,,,,,,,,,,,,,,,,,,,,,,,,,,,,,,,,,,,,,,,,,,,,,,,,,,imdb_scrape,,2026-01-11T16:14:13.934267,,,,,,,,,https://www.imdb.com/title/tt38980445/
fc_44d6da1159fac8c2,,tt39279432,,,,Friendzoned,,,,,,,,,,,,,,,,,,,,,,,,,,,,,,,,,,,,,,,,,,,,,,,,,,,,,,,imdb_scrape,,2026-01-11T16:14:13.934278,,,,,,,,,https://www.imdb.com/title/tt39279432/
fc_8f2223ef879e1f66,1242898.0,,,,,Predator: Badlands,Predator: Badlands,movie,,,,,2025.0,,2025-11-05,,,,,,en,,,"Cast out from his clan, a young Predator finds an unlikely ally in a damaged android and embarks on a treacherous journey in search of the ultimate adversary.",,,,,,,,,,,,,,,,,,,,,,,,,,7.732,1272.0,788.0559,,,,,,,,,tmdb,,2026-01-11T16:14:13.934319,,,https://image.tmdb.org/t/p/original/pHpq9yNUIo6aDoCXEBzjSolywgz.jpg,https://image.tmdb.org/t/p/original/ebyxeBh56QNXxSJgTnmz7fXAlwk.jpg,,,,,
fc_fac4f5e708ff3332,7451.0,,,,,xXx,xXx,movie,,,,,2002.0,,2002-08-09,,,,,,en,,,"Xander Cage is your standard adrenaline junkie with no fear and a lousy attitude. When the US Government ""recruits"" him to go on a mission, he's not exactly thrilled. His mission: to gather information on an organization that may just be planning the destruction of the world, led by the nihilistic Yorgi.",,,,,,,,,,,,,,,,,,,,,,,,,,5.981,4724.0,71.91,,,,,,,,,tmdb,,2026-01-11T16:14:13.934333,,,https://image.tmdb.org/t/p/original/xeEw3eLeSFmJgXZzmF2Efww0q3s.jpg,https://image.tmdb.org/t/p/original/2OHa6ukEq3Hce7Pc2kvu8wkmMFY.jpg,,,,,
fc_e25e83383b5454c0,967941.0,,,,,Wicked: For Good,Wicked: For Good,movie,,,,,2025.0,,2025-11-19,,,,,,en,,,"As an angry mob rises against the Wicked Witch, Glinda and Elphaba will need to come together one final time. With their singular friendship now the fulcrum of their futures, they will need to truly see each other, with honesty and empathy, if they are to change themselves, and all of Oz, for good.",,,,,,,,,,,,,,,,,,,,,,,,,,6.713,692.0,67.2926,,,,,,,,,tmdb,,2026-01-11T16:14:13.934374,,,https://image.tmdb.org/t/p/original/si9tolnefLSUKaqQEGz1bWArOaL.jpg,https://image.tmdb.org/t/p/original/l8pwO23MCvqYumzozpxynCNfck1.jpg,,,,,
fc_fa2b0412704230de,533533.0,,,,,TRON: Ares,TRON: Ares,movie,,,,,2025.0,,2025-10-08,,,,,,en,,,"A highly sophisticated Program called Ares is sent from the digital world into the real world on a dangerous mission, marking humankind's first encounter with A.I. beings.",,,,,,,,,,,,,,,,,,,,,,,,,,6.555,964.0,90.3424,,,,,,,,,tmdb,,2026-01-11T16:14:13.934382,,,https://image.tmdb.org/t/p/original/chpWmskl3aKm1aTZqUHRCtviwPy.jpg,https://image.tmdb.org/t/p/original/pUNfHmVqfwRdILhCkU8TdysVOXo.jpg,,,,,
fc_677b360049ddd3eb,1252037.0,,,,,The Tank,Der Tiger,movie,,,,,2025.0,,2025-09-18,,,,,,de,,,"A German Tiger tank crew is sent on a dangerous mission to rescue the missing officer Paul von Hardenburg from a top-secret bunker behind enemy lines. As they make their way through the lethal no-man's land, they must confront not only the enemy, but also their own fears and inner demons. Fueled by the Wehrmacht's methamphetamine, their mission increasingly becomes a journey into the heart of darkness.",,,,,,,,,,,,,,,,,,,,,,,,,,7.017,177.0,394.5915,,,,,,,,,tmdb,,2026-01-11T16:14:13.934390,,,https://image.tmdb.org/t/p/original/65Jr1JAgWlu9em8zHhAfrNJJQBt.jpg,https://image.tmdb.org/t/p/original/vMxOmgmBGegjVObjlb8ugsjGgkD.jpg,,,,,
fc_c0bd5f915822ceb9,1272837.0,,,,,28 Years Later: The Bone Temple,28 Years Later: The Bone Temple,movie,,,,,2026.0,,2026-01-07,,,,,,en,,,Dr. Kelson finds himself in a shocking new relationship - with consequences that could change the world as they know it - and Spike's encounter with Jimmy Crystal becomes a nightmare he can't escape.,,,,,,,,,,,,,,,,,,,,,,,,,,8.8,4.0,25.3335,,,,,,,,,tmdb,,2026-01-11T16:14:13.934444,,,https://image.tmdb.org/t/p/original/xUZTNxYx63y7qBA86bcdLF8zO43.jpg,https://image.tmdb.org/t/p/original/hySKuneIV2W8QFUNQ4B8zSYTcrr.jpg,,,,,
fc_d9f5b2bd1e8e0823,812583.0,,,,,Wake Up Dead Man: A Knives Out Mystery,Wake Up Dead Man: A Knives Out Mystery,movie,,,,,2025.0,,2025-11-26,,,,,,en,,,"When young priest Jud Duplenticy is sent to assist charismatic firebrand Monsignor Jefferson Wicks, it’s clear that all is not well in the pews. After a sudden and seemingly impossible murder rocks the town, the lack of an obvious suspect prompts local police chief Geraldine Scott to join forces with renowned detective Benoit Blanc to unravel a mystery that defies all logic.",,,,,,,,,,,,,,,,,,,,,,,,,,7.211,1722.0,55.9046,,,,,,,,,tmdb,,2026-01-11T16:14:13.934472,,,https://image.tmdb.org/t/p/original/qCOGGi8JBVEZMc3DVby8rUivyXz.jpg,https://image.tmdb.org/t/p/original/fiRDzpcJe7qz3yIR43hdXIE3NHv.jpg,,,,,
fc_eef50c7eb926f98e,117465.0,,,,,Hell's Paradise,地獄楽,tv_show,,,,,2023.0,,2023-04-01,,,,,,ja,,,"For a chance at a pardon, a ninja assassin joins other condemned criminals on a journey to a mysterious island to retrieve an elixir of immortality.",,,,,,,,,,,,,,,,,,,,,,,,,,8.151,360.0,21.5833,,,,,,,,,tmdb,,2026-01-11T16:14:13.934529,,,https://image.tmdb.org/t/p/original/1V9I7SvZbYoMbSvdtnlkkq9SB1k.jpg,https://image.tmdb.org/t/p/original/vjiIuR3XGpoGSumQ7DziPAmxIYR.jpg,,,,,
fc_d9266712f39d3e94,278043.0,,,,,You and I Are Polar Opposites,正反対な君と僕,tv_show,,,,,2026.0,,2026-01-11,,,,,,ja,,,"Suzuki’s a high school girl in love, but the guy she’s fallen for is nothing like her! While she’s cheerful, outgoing, and always trying to fit in, her classmate Yusuke Tani is stoic, quiet, and doesn’t seem to care what people think of him. Will Suzuki be able to overcome her anxieties and ask him out, or will she discover that opposites really don’t attract?",,,,,,,,,,,,,,,,,,,,,,,,,,8.0,1.0,3.652,,,,,,,,,tmdb,,2026-01-11T16:14:13.934574,,,https://image.tmdb.org/t/p/original/9hRuMU33DBz4z1vaYBRqLLuFFbQ.jpg,https://image.tmdb.org/t/p/original/sHmf4aMdTpYFCf0wqF8LYZ43kRw.jpg,,,,,
fc_84577529b324c4f2,88046.0,,,,,Fire Force,炎炎ノ消防隊,tv_show,,,,,2019.0,,2019-07-05,,,,,,ja,,,"Year 198 of the Solar Era in Tokyo, special fire brigades are fighting against a phenomenon called spontaneous human combustion where humans beings are turned into living infernos called ""Infernals"". While the Infernals are first generation cases of spontaneous human combustion, later generations possess the ability to manipulate flames while retaining human form. Shinra Kusakabe, a youth who gained the nickname Devil's Footprints for his ability to ignite his feet at will, joins the Special Fire Force Company 8 which composes of other flames users as they work to extinguish any Infernals they encounter. As a faction that is creating Infernals appears, Shira begins to uncover the truth behind a mysterious fire that caused the death of his family twelve years ago.",,,,,,,,,,,,,,,,,,,,,,,,,,8.4,590.0,13.2809,,,,,,,,,tmdb,,2026-01-11T16:14:13.934676,,,https://image.tmdb.org/t/p/original/q2lTO2j4Nzn3zLab0xMHeBya5sw.jpg,https://image.tmdb.org/t/p/original/zDXuwmqkTi2lGM4AyloAAX4v51P.jpg,,,,,
fc_103bd2e770948c39,229858.0,,,,,Fate/strange Fake,Fate/strange Fake,tv_show,,,,,2024.0,,2024-12-31,,,,,,ja,,,"In a Holy Grail War, Mages (Masters) and their Heroic Spirits (Servants) fight for the control of the Holy Grail—an omnipotent wish-granting device said to fulfill any desire. Years have passed since the end of the Fifth Holy Grail War in Japan. Now, signs portend the emergence of a new Holy Grail in the western American city of Snowfield",,,,,,,,,,,,,,,,,,,,,,,,,,7.9,12.0,14.3489,,,,,,,,,tmdb,,2026-01-11T16:14:13.934692,,,https://image.tmdb.org/t/p/original/kIqbeGr5dmQsR1tiR9D1MCqJzAw.jpg,https://image.tmdb.org/t/p/original/6SkZ268BIStCeCNu0yGH7dC09uY.jpg,,,,,
fc_621d81c1dca94f06,1242501.0,,,,,Icefall,Icefall,movie,,,,,2025.0,,2025-10-16,,,,,,en,,,"A young Indigenous game warden arrests an infamous poacher only to discover that the poacher knows the location of a plane carrying millions of dollars that has crashed in a frozen lake. When a group of criminals and dirty cops are alerted to the poacher’s whereabouts, the warden and the poacher team up to fight back and escape across the treacherous lake before the ice melts.",,,,,,,,,,,,,,,,,,,,,,,,,,6.8,66.0,357.8646,,,,,,,,,tmdb,,2026-01-11T16:14:13.934731,,,https://image.tmdb.org/t/p/original/5Byv6nznAb2Izd0gHpODOXnuSbo.jpg,https://image.tmdb.org/t/p/original/gQimJqYMKCkwHIo8wwYKhmnCfBr.jpg,,,,,
fc_48d25ee04b65cd1a,628847.0,,,,,Trap House,Trap House,movie,,,,,2025.0,,2025-11-14,,,,,,en,,,"An undercover DEA agent and his partner embark on a game of cat and mouse with an audacious, and surprising group of thieves - their own rebellious teenagers, who have begun robbing from a dangerous cartel, using their parents' tactics and top-secret intel to do it.",,,,,,,,,,,,,,,,,,,,,,,,,,6.309,128.0,221.0601,,,,,,,,,tmdb,,2026-01-11T16:14:13.934753,,,https://image.tmdb.org/t/p/original/6tpAPeuuqbVnYWWPoOLEDLSBU7a.jpg,https://image.tmdb.org/t/p/original/oIJjO1CvEdTMFNkWfHaV0RB584G.jpg,,,,,
fc_619058e1eff74f7f,1511417.0,,,,,Bāhubali: The Epic,Baahubali: The Epic,movie,,,,,2025.0,,2025-10-29,,,,,,te,,,"When a mysterious child is found by a tribal couple near a roaring waterfall, they raise him as their own. As he grows, Sivudu is drawn to the world beyond the cliffs, where he discovers the ancient kingdom of Mahishmati, ruled by a cruel tyrant, haunted by rebellion, and bound to his past. What begins as a quest for love soon unravels a legacy of betrayal, sacrifice, and a forgotten prince.",,,,,,,,,,,,,,,,,,,,,,,,,,5.9,21.0,192.3968,,,,,,,,,tmdb,,2026-01-11T16:14:13.934762,,,https://image.tmdb.org/t/p/original/z9YIo2qscyaXYgRqIdRJtND3bw8.jpg,https://image.tmdb.org/t/p/original/wCwZ4ljSsWyZyTiyk1tGQtBHTDx.jpg,,,,,
fc_05c3304dff35e8e2,1311031.0,,,,,Demon Slayer: Kimetsu no Yaiba Infinity Castle,劇場版「鬼滅の刃」無限城編 第一章 猗窩座再来,movie,,,,,2025.0,,2025-07-18,,,,,,ja,,,"The Demon Slayer Corps are drawn into the Infinity Castle, where Tanjiro, Nezuko, and the Hashira face terrifying Upper Rank demons in a desperate fight as the final battle against Muzan Kibutsuji begins.",,,,,,,,,,,,,,,,,,,,,,,,,,7.639,649.0,165.1493,,,,,,,,,tmdb,,2026-01-11T16:14:13.934778,,,https://image.tmdb.org/t/p/original/fWVSwgjpT2D78VUh6X8UBd2rorW.jpg,https://image.tmdb.org/t/p/original/1RgPyOhN4DRs225BGTlHJqCudII.jpg,,,,,
fc_23534dcdbe15c21e,755898.0,,,,,War of the Worlds,War of the Worlds,movie,,,,,2025.0,,2025-07-29,,,,,,en,,,"Will Radford is a top analyst for Homeland Security who tracks potential threats through a mass surveillance program, until one day an attack by an unknown entity leads him to question whether the government is hiding something from him... and from the rest of the world.",,,,,,,,,,,,,,,,,,,,,,,,,,4.226,826.0,156.6489,,,,,,,,,tmdb,,2026-01-11T16:14:13.934788,,,https://image.tmdb.org/t/p/original/yvirUYrva23IudARHn3mMGVxWqM.jpg,https://image.tmdb.org/t/p/original/iZLqwEwUViJdSkGVjePGhxYzbDb.jpg,,,,,
fc_851e887733fd53d8,1131759.0,,,,,Omniscient Reader: The Prophecy,전지적 독자 시점,movie,,,,,2025.0,,2025-07-23,,,,,,ko,,,"Kim Dok-ja, an ordinary man in his 20s, is the only reader of an obscure web novel titled ""Three Ways to Survive the Apocalypse"". After having read the last chapter, the novel suddenly becomes reality, and its omnipotent hero Yu Jung-hyeok appears before Kim. As the only person who knows how to survive in this world, Kim and his companions strive to save the world by writing his own, new ending.",,,,,,,,,,,,,,,,,,,,,,,,,,6.8,40.0,129.3345,,,,,,,,,tmdb,,2026-01-11T16:14:13.934819,,,https://image.tmdb.org/t/p/original/3R3dXO2nm8JyR5NG7SEfii7RzlV.jpg,https://image.tmdb.org/t/p/original/fP6L6V42980QmuoyyGXCmWphwpT.jpg,,,,,
fc_2308e764ce403240,425274.0,,,,,Now You See Me: Now You Don't,Now You See Me: Now You Don't,movie,,,,,2025.0,,2025-11-12,,,,,,en,,,"The original Four Horsemen reunite with a new generation of illusionists to take on powerful diamond heiress Veronika Vanderberg, who leads a criminal empire built on money laundering and trafficking. The new and old magicians must overcome their differences to work together on their most ambitious heist yet.",,,,,,,,,,,,,,,,,,,,,,,,,,6.577,853.0,120.0166,,,,,,,,,tmdb,,2026-01-11T16:14:13.934844,,,https://image.tmdb.org/t/p/original/oD3Eey4e4Z259XLm3eD3WGcoJAh.jpg,https://image.tmdb.org/t/p/original/dHSz0tSFuO2CsXJ1CApSauP9Ncl.jpg,,,,,
fc_f8268625eebac46f,1512623.0,,,,,Risqué,Risqué,movie,,,,,2025.0,,2025-08-01,,,,,,en,,,"Fired from a strip club, a vengeful dancer masterminds a high-stakes heist with fellow strippers to take down the corrupt boss and the men who underestimate them.",,,,,,,,,,,,,,,,,,,,,,,,,,7.136,33.0,114.1653,,,,,,,,,tmdb,,2026-01-11T16:14:13.934855,,,https://image.tmdb.org/t/p/original/h6OsRrDwbspLnKMvlFl57QFDP7d.jpg,https://image.tmdb.org/t/p/original/novE5UrqfLIFEMe5QBnjm18GG4E.jpg,,,,,
fc_817a86109bdb8851,772462.0,,,,,Don't Follow Me,No Me Sigas,movie,,,,,2025.0,,2025-10-30,,,,,,es,,,"Obsessed with going viral with her videos of ghosts and paranormal events, aspiring influencer Carla moves into a famous haunted building. There, she begins faking ghostly apparitions to gain more followers, unaware that a real evil entity resides in her apartment and will torment her until no one, not even she, can distinguish what's real and what isn't.",,,,,,,,,,,,,,,,,,,,,,,,,,6.238,21.0,110.0181,,,,,,,,,tmdb,,2026-01-11T16:14:13.934867,,,https://image.tmdb.org/t/p/original/wBYicLV0zfdtXweWXcoiou3moNu.jpg,https://image.tmdb.org/t/p/original/b9iQP6brbuGs8mhRPRV0ThiwD5I.jpg,,,,,
fc_67105468de95d232,982843.0,,,,,The Great Flood,대홍수,movie,,,,,2025.0,,2025-09-18,,,,,,ko,,,"When a raging flood traps a researcher and her young son, a call to a crucial mission puts their escape — and the future of humanity — on the line.",,,,,,,,,,,,,,,,,,,,,,,,,,6.035,455.0,109.2579,,,,,,,,,tmdb,,2026-01-11T16:14:13.934876,,,https://image.tmdb.org/t/p/original/1tUOZQDgZaGqZtrB21MieiXARL2.jpg,https://image.tmdb.org/t/p/original/6iXTBfCzWKlFCmHxu5oaeZ3an9G.jpg,,,,,
fc_262ec4ef4df23491,1419406.0,,,,,The Shadow's Edge,捕风追影,movie,,,,,2025.0,,2025-08-16,,,,,,zh,,,Macau Police brings the tracking expert police officer out of retirement to help catch a dangerous group of professional thieves.,,,,,,,,,,,,,,,,,,,,,,,,,,6.853,215.0,106.7216,,,,,,,,,tmdb,,2026-01-11T16:14:13.934885,,,https://image.tmdb.org/t/p/original/e0RU6KpdnrqFxDKlI3NOqN8nHL6.jpg,https://image.tmdb.org/t/p/original/tn95fumbkVAgXjOuw9CQOg0aYQz.jpg,,,,,
fc_66edeccec230a086,1137179.0,,,,,Yadang: The Snitch,야당,movie,,,,,2025.0,,2025-04-16,,,,,,ko,,,"Navigating both the criminal underworld and law enforcement agencies, professional snitches called ""yadang"" provide covert information about the drug world to prosecutors and police. When a drug bust at a party attended by high-profile second-generation VIPs entangles those involved into a dangerous conspiracy, a seasoned yadang must do everything in his power not just to make it out on top, but alive.",,,,,,,,,,,,,,,,,,,,,,,,,,7.0,32.0,94.0557,,,,,,,,,tmdb,,2026-01-11T16:14:13.934896,,,https://image.tmdb.org/t/p/original/y7dsDbG8zVWkrkyOhA6ckZXX1uC.jpg,https://image.tmdb.org/t/p/original/9pdoEzieGdUTlRWTAO7QP8q1tIo.jpg,,,,,
fc_a2879c47f1f821f2,1301122.0,,,,,Nazi Supersoldier,Erbsünde - Veil of Sin,movie,,,,,2024.0,,2024-10-13,,,,,,en,,,"A group of journalism students ventures into a remote forest and awakens a long-frozen World War II experiment a superhuman Nazi soldier. Hunted through cursed woods where trust crumbles and survival is slim, they soon learn that some sins demand blood.",,,,,,,,,,,,,,,,,,,,,,,,,,4.667,3.0,93.4899,,,,,,,,,tmdb,,2026-01-11T16:14:13.934907,,,https://image.tmdb.org/t/p/original/3daBOc5ZcICXMzAVNhzJTSgweaP.jpg,https://image.tmdb.org/t/p/original/j3OksPD3jY3vhqf1sKOWXWLQEMB.jpg,,,,,
fc_faaa8f541c5eb6a5,2734.0,,,,,Law & Order: Special Victims Unit,Law & Order: Special Victims Unit,tv_show,,,,,1999.0,,1999-09-20,,,,,,en,,,"In the criminal justice system, sexually-based offenses are considered especially heinous. In New York City, the dedicated detectives who investigate these vicious felonies are members of an elite squad known as the Special Victims Unit. These are their stories.",,,,,,,,,,,,,,,,,,,,,,,,,,7.938,4090.0,237.4336,,,,,,,,,tmdb,,2026-01-11T16:14:13.934957,,,https://image.tmdb.org/t/p/original/iofokHZoUB4Qhik4PflvJl8TT6a.jpg,https://image.tmdb.org/t/p/original/obtdxPgmfykYwVnvuYXC5f2xKlQ.jpg,,,,,
fc_ab0e0dc796726924,1622.0,,,,,Supernatural,Supernatural,tv_show,,,,,2005.0,,2005-09-13,,,,,,en,,,"When they were boys, Sam and Dean Winchester lost their mother to a mysterious and demonic supernatural force. Subsequently, their father raised them to be soldiers. He taught them about the paranormal evil that lives in the dark corners and on the back roads of America ... and he taught them how to kill it. Now, the Winchester brothers crisscross the country in their '67 Chevy Impala, battling every kind of supernatural threat they encounter along the way. ",,,,,,,,,,,,,,,,,,,,,,,,,,8.305,8163.0,225.8882,,,,,,,,,tmdb,,2026-01-11T16:14:13.934966,,,https://image.tmdb.org/t/p/original/u40gJarLPlIkwouKlzGdobQOV9k.jpg,https://image.tmdb.org/t/p/original/ro0tlgnsco4SwbdAgmscLkSlMSL.jpg,,,,,
fc_8bc219251ac45ec1,22980.0,,,,,Watch What Happens Live with Andy Cohen,Watch What Happens Live with Andy Cohen,tv_show,,,,,2009.0,,2009-07-16,,,,,,en,,,Bravo network executive Andy Cohen discusses pop culture topics with celebrities and reality show personalities.,,,,,,,,,,,,,,,,,,,,,,,,,,5.0,81.0,213.3554,,,,,,,,,tmdb,,2026-01-11T16:14:13.934978,,,https://image.tmdb.org/t/p/original/onSD9UXfJwrMXWhq7UY7hGF2S1h.jpg,https://image.tmdb.org/t/p/original/butPVWgcbtAjL9Z7jU7Xj1KA8KD.jpg,,,,,
fc_23a3c465702dff22,1416.0,,,,,Grey's Anatomy,Grey's Anatomy,tv_show,,,,,2005.0,,2005-03-27,,,,,,en,,,Follows the personal and professional lives of a group of doctors at Seattle's Grey Sloan Memorial Hospital.,,,,,,,,,,,,,,,,,,,,,,,,,,8.213,10737.0,203.0932,,,,,,,,,tmdb,,2026-01-11T16:14:13.934990,,,https://image.tmdb.org/t/p/original/hjJkrLXhWvGHpLeLBDFznpBTY1S.jpg,https://image.tmdb.org/t/p/original/jP0Rhj9OTPDAwQlHQwOLFDdeE8t.jpg,,,,,
fc_5e66d83567e582fd,456.0,,,,,The Simpsons,The Simpsons,tv_show,,,,,1989.0,,1989-12-17,,,,,,en,,,"Set in Springfield, the average American town, the show focuses on the antics and everyday adventures of the Simpson family; Homer, Marge, Bart, Lisa and Maggie, as well as a virtual cast of thousands. Since the beginning, the series has been a pop culture icon, attracting hundreds of celebrities to guest star. The show has also made name for itself in its fearless satirical take on politics, media and American life in general.",,,,,,,,,,,,,,,,,,,,,,,,,,8.011,10524.0,188.0305,,,,,,,,,tmdb,,2026-01-11T16:14:13.935001,,,https://image.tmdb.org/t/p/original/uWpG7GqfKGQqX4YMAo3nv5OrglV.jpg,https://image.tmdb.org/t/p/original/jvTeRgjFsp66xj8SWxhr7O2J4ud.jpg,,,,,
fc_578ffab4546e9b91,4614.0,,,,,NCIS,NCIS,tv_show,,,,,2003.0,,2003-09-23,,,,,,en,,,"From murder and espionage to terrorism and stolen submarines, a team of special agents investigates any crime that has any connection to Navy and Marine Corps personnel, regardless of rank or position.",,,,,,,,,,,,,,,,,,,,,,,,,,7.619,2434.0,167.718,,,,,,,,,tmdb,,2026-01-11T16:14:13.935013,,,https://image.tmdb.org/t/p/original/mBcu8d6x6zB1el3MPNl7cZQEQ31.jpg,https://image.tmdb.org/t/p/original/nn3SuLTO4hum8yAxaY4ql8h6kRk.jpg,,,,,
fc_787eea053ab457ba,71712.0,,,,,The Good Doctor,The Good Doctor,tv_show,,,,,2017.0,,2017-09-25,,,,,,en,,,"Shaun Murphy, a young surgeon with autism and savant syndrome, relocates from a quiet country life to join a prestigious hospital's surgical unit. Unable to personally connect with those around him, Shaun uses his extraordinary medical gifts to save lives and challenge the skepticism of his colleagues.",,,,,,,,,,,,,,,,,,,,,,,,,,8.466,12694.0,154.9645,,,,,,,,,tmdb,,2026-01-11T16:14:13.935038,,,https://image.tmdb.org/t/p/original/luhKkdD80qe62fwop6sdrXK9jUT.jpg,https://image.tmdb.org/t/p/original/f3cin9kOz4nOrlYEMxGFQhv4bdN.jpg,,,,,
fc_9324c3508da3d74e,549.0,,,,,Law & Order,Law & Order,tv_show,,,,,1990.0,,1990-09-13,,,,,,en,,,"In cases ripped from the headlines, police investigate serious and often deadly crimes, weighing the evidence and questioning the suspects until someone is taken into custody. The district attorney's office then builds a case to convict the perpetrator by proving the person guilty beyond a reasonable doubt. Working together, these expert teams navigate all sides of the complex criminal justice system to make New York a safer place.",,,,,,,,,,,,,,,,,,,,,,,,,,7.4,657.0,148.4541,,,,,,,,,tmdb,,2026-01-11T16:14:13.935048,,,https://image.tmdb.org/t/p/original/haJ9eHytVO3H3JooMJG1DiWwDNm.jpg,https://image.tmdb.org/t/p/original/tc7canPSAn2X14hYi6Rl3gZm1o4.jpg,,,,,
fc_33832503e12b46e8,1408.0,,,,,House,House,tv_show,,,,,2004.0,,2004-11-16,,,,,,en,,,"Dr. Gregory House, a drug-addicted, unconventional, misanthropic medical genius, leads a team of diagnosticians at the fictional Princeton–Plainsboro Teaching Hospital in New Jersey.",,,,,,,,,,,,,,,,,,,,,,,,,,8.582,7260.0,143.8356,,,,,,,,,tmdb,,2026-01-11T16:14:13.935068,,,https://image.tmdb.org/t/p/original/3Cz7ySOQJmqiuTdrc6CY0r65yDI.jpg,https://image.tmdb.org/t/p/original/r0Q6eeN9L1ORL9QsV0Sg8ZV3vnv.jpg,,,,,
fc_a417d622babb3bac,34307.0,,,,,Shameless,Shameless,tv_show,,,,,2011.0,,2011-01-09,,,,,,en,,,"Chicagoan Frank Gallagher is the proud single dad of six smart, industrious, independent kids, who without him would be... perhaps better off. When Frank's not at the bar spending what little money they have, he's passed out on the floor. But the kids have found ways to grow up in spite of him. They may not be like any family you know, but they make no apologies for being exactly who they are.",,,,,,,,,,,,,,,,,,,,,,,,,,8.2,3150.0,142.6673,,,,,,,,,tmdb,,2026-01-11T16:14:13.935078,,,https://image.tmdb.org/t/p/original/ifo31fMWLmyOVpdak9K0kY4jldQ.jpg,https://image.tmdb.org/t/p/original/5s9XHTB9SLPdg3mNU6BlSLnZ9Qq.jpg,,,,,
fc_b035d1888eb90b74,64356.0,,,,,The Return of Superman,슈퍼맨이 돌아왔다,tv_show,,,,,2013.0,,2013-11-03,,,,,,ko,,,"An up-close look at celebrity dads who have to take care of their kids for the next 48 hours without any help. Will it be a dad-tastrophe, or can they finish their wives' to-do lists while having fun with their kids?",,,,,,,,,,,,,,,,,,,,,,,,,,7.7,16.0,140.5429,,,,,,,,,tmdb,,2026-01-11T16:14:13.935090,,,https://image.tmdb.org/t/p/original/qjBx2RCnyyBPgu9qBV7j3UiXjeo.jpg,https://image.tmdb.org/t/p/original/4P2gbaCGdZyP4i95TmmA6nS9HJh.jpg,,,,,
fc_0fa85347383e4839,764.0,,,,,Midsomer Murders,Midsomer Murders,tv_show,,,,,1997.0,,1997-03-23,,,,,,en,,,"The peacefulness of the Midsomer community is shattered by violent crimes, suspects are placed under suspicion, and it is up to a veteran DCI and his young sergeant to calmly and diligently eliminate the innocent and ruthlessly pursue the guilty. ",,,,,,,,,,,,,,,,,,,,,,,,,,7.481,338.0,133.4916,,,,,,,,,tmdb,,2026-01-11T16:14:13.935103,,,https://image.tmdb.org/t/p/original/31wojXBSLT6LYTUMyc6BiyXqUyP.jpg,https://image.tmdb.org/t/p/original/qVmgq1KXBp6BF2EqYPPaUG9iUGy.jpg,,,,,
fc_0f9d6d278f71c445,1434.0,,,,,Family Guy,Family Guy,tv_show,,,,,1999.0,,1999-01-31,,,,,,en,,,"Sick, twisted, politically incorrect and Freakin' Sweet animated series featuring the adventures of the dysfunctional Griffin family. Bumbling Peter and long-suffering Lois have three kids. Stewie (a brilliant but sadistic baby bent on killing his mother and taking over the world), Meg (the oldest, and is the most unpopular girl in town) and Chris (the middle kid, he's not very bright but has a passion for movies). The final member of the family is Brian - a talking dog and much more than a pet, he keeps Stewie in check whilst sipping Martinis and sorting through his own life issues.",,,,,,,,,,,,,,,,,,,,,,,,,,7.4,4758.0,132.7623,,,,,,,,,tmdb,,2026-01-11T16:14:13.935116,,,https://image.tmdb.org/t/p/original/8o8kiBkWFK3gVytHdyzEWUBXVfK.jpg,https://image.tmdb.org/t/p/original/lgGZ2ysbRyAOi2VgIZpp6k8qILj.jpg,,,,,
fc_613de3e2ff009f83,1405.0,,,,,Dexter,Dexter,tv_show,,,,,2006.0,,2006-10-01,,,,,,en,,,"Dexter Morgan, a blood spatter pattern analyst for the Miami Metro Police also leads a secret life as a serial killer, hunting down criminals who have slipped through the cracks of justice.",,,,,,,,,,,,,,,,,,,,,,,,,,8.229,5176.0,132.5007,,,,,,,,,tmdb,,2026-01-11T16:14:13.935127,,,https://image.tmdb.org/t/p/original/q8dWfc4JwQuv3HayIZeO84jAXED.jpg,https://image.tmdb.org/t/p/original/aSGSxGMTP893DPMCvMl9AdnEICE.jpg,,,,,
fc_abd2a8dc8de31327,1247002.0,,,,,The Old Woman with the Knife,파과,movie,,,,,2025.0,,2025-04-30,,,,,,ko,,,"Aging assassin Hornclaw has seen it all, but she never expected to mentor a reckless rookie like Bullfight. As their unlikely bond deepens, cracks form in the underworld they navigate together. When Hornclaw discovers someone wants her dead, she's thrust into a deadly game of deception. With enemies closing in and trust in short supply, survival means staying sharp—both blade and mind.",,,,,,,,,,,,,,,,,,,,,,,,,,6.5,49.0,85.4252,,,,,,,,,tmdb,,2026-01-11T16:14:13.935255,,,https://image.tmdb.org/t/p/original/wbmxnsv41vsg5UEaNDlf203dOWw.jpg,https://image.tmdb.org/t/p/original/fepnF3W4VP3s8ui8nDtrlsFVYwO.jpg,,,,,
fc_0df02742786710d5,1539104.0,,,,,JUJUTSU KAISEN: Execution,劇場版 呪術廻戦「渋谷事変 特別編集版」×「死滅回游 先行上映」,movie,,,,,2025.0,,2025-11-07,,,,,,ja,,,"A veil abruptly descends over the busy Shibuya area amid the bustling Halloween crowds, trapping countless civilians inside. Satoru Gojo, the strongest jujutsu sorcerer, steps into the chaos. But lying in wait are curse users and spirits scheming to seal him away. Yuji Itadori, accompanied by his classmates and other top-tier jujutsu sorcerers, enters the fray in an unprecedented clash of curses — the Shibuya Incident. In the aftermath, ten colonies across Japan are transformed into dens of curses in a plan orchestrated by Noritoshi Kamo. As the deadly Culling Game starts, Special Grade sorcerer Yuta Okkotsu is assigned to carry out Yuji's execution for his perceived crimes. A compilation movie of Shibuya Incident including the first two episodes of the Culling Games arc.",,,,,,,,,,,,,,,,,,,,,,,,,,5.6,75.0,85.0713,,,,,,,,,tmdb,,2026-01-11T16:14:13.935266,,,https://image.tmdb.org/t/p/original/v0s3dx6am0RzfsuK3KdEy8ZoCDs.jpg,https://image.tmdb.org/t/p/original/gtKglOSEq3d4MgQE4VsrT1sRkd0.jpg,,,,,
fc_1202f6cd40190903,1491902.0,,,,,Bang,ปัง,movie,,,,,2025.0,,2025-07-11,,,,,,th,,,"Follows a ruthless hitman who, after narrowly escaping a fatal attempt on his life, betrays his gang in an effort to find forgiveness but ends up becoming a target himself.",,,,,,,,,,,,,,,,,,,,,,,,,,6.378,41.0,84.698,,,,,,,,,tmdb,,2026-01-11T16:14:13.935277,,,https://image.tmdb.org/t/p/original/8SUzKOqe2ectvhYdSnR7Vq2F3n1.jpg,https://image.tmdb.org/t/p/original/nZFJgk5nWSZju9JW76hbv5lUegw.jpg,,,,,
fc_7d50e28ce48847bd,1223601.0,,,,,Sisu: Road to Revenge,Sisu 2,movie,,,,,2025.0,,2025-10-21,,,,,,fi,,,"Returning to the house where his family was brutally murdered during the war, ‘the man who refuses to die’ dismantles it, loads it on a truck, and is determined to rebuild it somewhere safe in their honor. When the commander who killed his family comes back hellbent on finishing the job, a relentless, eye-popping cross-country chase ensues.",,,,,,,,,,,,,,,,,,,,,,,,,,7.453,447.0,75.2562,,,,,,,,,tmdb,,2026-01-11T16:14:13.935287,,,https://image.tmdb.org/t/p/original/jNsttCWZyPtW66MjhUozBzVsRb7.jpg,https://image.tmdb.org/t/p/original/yCatt8lmp3oRFEcOZF8KHhsiASQ.jpg,,,,,
fc_07e2dca7ec9b18d1,639988.0,,,,,No Other Choice,어쩔수가없다,movie,,,,,2025.0,,2025-09-24,,,,,,ko,,,"After being laid off and humiliated by a ruthless job market, a veteran paper mill manager descends into violence in a desperate bid to reclaim his dignity.",,,,,,,,,,,,,,,,,,,,,,,,,,7.772,346.0,69.6215,,,,,,,,,tmdb,,2026-01-11T16:14:13.935305,,,https://image.tmdb.org/t/p/original/vc2S0dvgpsM0XfSiXZDMVkRCSSU.jpg,https://image.tmdb.org/t/p/original/s6aB9kjxNg0mu2361IkCUSpyHJV.jpg,,,,,
fc_1b2a18baede94a91,798645.0,,,,,The Running Man,The Running Man,movie,,,,,2025.0,,2025-11-11,,,,,,en,,,"Desperate to save his sick daughter, working-class Ben Richards is convinced by The Running Man's charming but ruthless producer to enter the deadly competition game as a last resort. But Ben's defiance, instincts, and grit turn him into an unexpected fan favorite — and a threat to the entire system. As ratings skyrocket, so does the danger, and Ben must outwit not just the Hunters, but a nation addicted to watching him fall.",,,,,,,,,,,,,,,,,,,,,,,,,,6.831,934.0,66.9683,,,,,,,,,tmdb,,2026-01-11T16:14:13.935335,,,https://image.tmdb.org/t/p/original/dKL78O9zxczVgjtNcQ9UkbYLzqX.jpg,https://image.tmdb.org/t/p/original/aHj7d7wSLqrg5cjAcgHhiGr97Ih.jpg,,,,,
fc_d956f1f36304792f,1408208.0,,,,,Exit 8,８番出口,movie,,,,,2025.0,,2025-08-28,,,,,,ja,,,"A man gets lost in an underground passage. He follows the ""guide"" through the passage, but one after another, strange things happen to him. Is this space real? Or an illusion? Will the man be able to escape the passage?",,,,,,,,,,,,,,,,,,,,,,,,,,6.059,102.0,58.2475,,,,,,,,,tmdb,,2026-01-11T16:14:13.935347,,,https://image.tmdb.org/t/p/original/nQXYTvm6AY4WmtcPskroqC7Skh.jpg,https://image.tmdb.org/t/p/original/f5csnjqQj5qdqc0EZchon94hXZ6.jpg,,,,,
fc_bdbb2ec1dafe0a25,1218925.0,,,,,Chainsaw Man - The Movie: Reze Arc,劇場版 チェンソーマン レゼ篇,movie,,,,,2025.0,,2025-09-19,,,,,,ja,,,"In a brutal war between devils, hunters, and secret enemies, a mysterious girl named Reze has stepped into Denji's world, and he faces his deadliest battle yet, fueled by love in a world where survival knows no rules.",,,,,,,,,,,,,,,,,,,,,,,,,,8.298,586.0,56.6392,,,,,,,,,tmdb,,2026-01-11T16:14:13.935355,,,https://image.tmdb.org/t/p/original/pHyxb2RV5wLlboAwm9ZJ9qTVEDw.jpg,https://image.tmdb.org/t/p/original/kfXgo2rMF1A19celCwLyQ4Xwpf8.jpg,,,,,
fc_d632c518147dc744,2661.0,,,,,Kamen Rider,仮面ライダー,tv_show,,,,,1971.0,,1971-04-03,,,,,,ja,,,"Takeshi Hongo is a promising young man with a passion for motorcycle racing. However, his dreams are suddenly ruined when he gets kidnapped by Shocker, the evil secret organization planning to dominate the world. After being remodeled into a cyborg, Takeshi escapes and swears to protect the world from the inhuman monsters.",,,,,,,,,,,,,,,,,,,,,,,,,,6.5,92.0,99.8452,,,,,,,,,tmdb,,2026-01-11T16:14:13.935435,,,https://image.tmdb.org/t/p/original/lv3OlrXyTNg4Dz0JrtopOmMziNs.jpg,https://image.tmdb.org/t/p/original/usLRh1bcbL0Q9X8zf6rL4OV1qrA.jpg,,,,,
fc_27eda5cba645e4b2,4656.0,,,,,Raw,Raw,tv_show,,,,,1993.0,,1993-01-11,,,,,,en,,,"A regularly scheduled, live, year-round program featuring some of the biggest WWE Superstars.",,,,,,,,,,,,,,,,,,,,,,,,,,6.796,348.0,97.3484,,,,,,,,,tmdb,,2026-01-11T16:14:13.935450,,,https://image.tmdb.org/t/p/original/pv5WNnLUo7mpT8k901Lo8UovrqI.jpg,https://image.tmdb.org/t/p/original/n69QxkZ0RRc6PMNnxD9U0MZnLzl.jpg,,,,,
fc_e2b37c85366e04e3,283123.0,,,,,Esref's Dream,Eşref Rüya,tv_show,,,,,2025.0,,2025-03-19,,,,,,tr,,,"As a child, Eşref fell in love from afar with a girl he called “Rüya” and spent years searching for her, only to become a powerful mafia figure along the way. Meanwhile, Nisan, an idealistic musician, finds herself in grave danger after performing at a wedding held at Eşref’s hotel. Eşref falls for Nisan, unaware that she is both the long-lost Rüya he has been chasing for years and a police informant. Trapped in a whirlwind of love, betrayal, and power struggles, Eşref is forced into a brutal reckoning—both with his criminal empire and his own emotions.",,,,,,,,,,,,,,,,,,,,,,,,,,7.2,21.0,89.1138,,,,,,,,,tmdb,,2026-01-11T16:14:13.935458,,,https://image.tmdb.org/t/p/original/jwrN5QA07dm8sKuUFInP2MRLPfb.jpg,https://image.tmdb.org/t/p/original/opxjwbFSadDgVmZtrLTlWJsUxrB.jpg,,,,,
fc_34a8d51a4b302893,58841.0,,,,,Chicago P.D.,Chicago P.D.,tv_show,,,,,2014.0,,2014-01-08,,,,,,en,,,"A riveting police drama about the men and women of the Chicago Police Department's District 21 who put it all on the line to serve and protect their community. District 21 is made up of two distinctly different groups: the uniformed cops who patrol the beat and go head-to-head with the city's street crimes and the Intelligence Unit that combats the city's major offenses - organized crime, drug trafficking, high profile murders and beyond.",,,,,,,,,,,,,,,,,,,,,,,,,,8.414,2521.0,79.0723,,,,,,,,,tmdb,,2026-01-11T16:14:13.935465,,,https://image.tmdb.org/t/p/original/bez40PgT36RUu4gstD2A6GSM0tP.jpg,https://image.tmdb.org/t/p/original/rhp8vYG1sIFtqH3ETmHJuI5Z3Cb.jpg,,,,,
fc_63e6f6378d87a137,44006.0,,,,,Chicago Fire,Chicago Fire,tv_show,,,,,2012.0,,2012-10-10,,,,,,en,,,"An edge-of-your-seat view into the lives of everyday heroes committed to one of America's noblest professions. For the firefighters, rescue squad and paramedics of Chicago Firehouse 51, no occupation is more stressful or dangerous, yet so rewarding and exhilarating. These courageous men and women are among the elite who forge headfirst into danger when everyone else is running the other way and whose actions make the difference between life and death.",,,,,,,,,,,,,,,,,,,,,,,,,,8.4,2330.0,78.6899,,,,,,,,,tmdb,,2026-01-11T16:14:13.935473,,,https://image.tmdb.org/t/p/original/r915sk2JpthZSjHEgZKifWxgo6L.jpg,https://image.tmdb.org/t/p/original/14LzHqJrFcHk7ruMNCXpEkB0Thg.jpg,,,,,
fc_1a76474991b9e8e4,33238.0,,,,,Running Man,런닝맨,tv_show,,,,,2010.0,,2010-07-11,,,,,,ko,,,"These days, as variety shows are gradually disappearing, this is one of Korea’s representative variety shows that has been responsible for Sunday evenings for over 10 years. This program features numerous stars and members going around various places, playing games, and completing missions. In particular, among the many fun elements of variety shows, this one focuses solely on laughter.

Open your eyes! Big fun is coming in!

Open your mouth! Big laughter is coming in!

Open your heart! Useful lessons are coming in!",,,,,,,,,,,,,,,,,,,,,,,,,,8.264,201.0,76.4579,,,,,,,,,tmdb,,2026-01-11T16:14:13.935481,,,https://image.tmdb.org/t/p/original/2Wmmu1MkqxJ48J7aySET9EKEjXz.jpg,https://image.tmdb.org/t/p/original/wsHj4oHQJoe7DMYaqNFwVoyLiAh.jpg,,,,,
fc_26ab8ec83ac67580,2224.0,,,,,The Daily Show,The Daily Show,tv_show,,,,,1996.0,,1996-07-22,,,,,,en,,,"The World's Fakest News Team tackle the biggest stories in news, politics and pop culture.",,,,,,,,,,,,,,,,,,,,,,,,,,6.396,612.0,74.571,,,,,,,,,tmdb,,2026-01-11T16:14:13.935496,,,https://image.tmdb.org/t/p/original/ixcfyK7it6FjRM36Te4OdblAq4X.jpg,https://image.tmdb.org/t/p/original/qLMfcvdCcCGD2BNLH8b6ZCBuO7D.jpg,,,,,
fc_f5e6ed95491b0bbe,75219.0,,,,,9-1-1,9-1-1,tv_show,,,,,2018.0,,2018-01-03,,,,,,en,,,"Explore the high-pressure experiences of police officers, paramedics and firefighters who are thrust into the most frightening, shocking and heart-stopping situations. These emergency responders must try to balance saving those who are at their most vulnerable with solving the problems in their own lives.",,,,,,,,,,,,,,,,,,,,,,,,,,8.213,2701.0,73.6204,,,,,,,,,tmdb,,2026-01-11T16:14:13.935504,,,https://image.tmdb.org/t/p/original/6njUqsd3By2mJsdZm1P0moPLzs3.jpg,https://image.tmdb.org/t/p/original/h050XJoiIobaH6bhj3MAhgilkpJ.jpg,,,,,
fc_4b341178b68d7b26,59941.0,,,,,The Tonight Show Starring Jimmy Fallon,The Tonight Show Starring Jimmy Fallon,tv_show,,,,,2014.0,,2014-02-17,,,,,,en,,,"After Jay Leno's second retirement from the program, Jimmy Fallon stepped in as his permanent replacement. After 42 years in Los Angeles the program was brought back to New York.",,,,,,,,,,,,,,,,,,,,,,,,,,5.9,362.0,68.0038,,,,,,,,,tmdb,,2026-01-11T16:14:13.935519,,,https://image.tmdb.org/t/p/original/1N4o5PmmqhlVDrcdJ2RlCFWbLGX.jpg,https://image.tmdb.org/t/p/original/7VO04TtL1jIT6XOPs9u4jdB8KaB.jpg,,,,,
fc_4a7c27a1413c0f52,,tt35089518,,,,1. The Vendetta of An,,,,,,,,,,,,,,,,,,,,,,,,,,,,,,,,,,,,,,,,,,,,,,,,,,,,,,,imdb_scrape,,2026-01-11T16:14:13.936511,,,,,,,,,https://www.imdb.com/title/tt35089518/
fc_852fdc600221a4d6,,tt16280546,,,,2. The Abandons,,,,,,,,,,,,,,,,,,,,,,,,,,,,,,,,,,,,,,,,,,,,,,,,,,,,,,,imdb_scrape,,2026-01-11T16:14:13.936525,,,,,,,,,https://www.imdb.com/title/tt16280546/
fc_0b62716f545a90b9,,tt37062070,,,,3. Single Papa,,,,,,,,,,,,,,,,,,,,,,,,,,,,,,,,,,,,,,,,,,,,,,,,,,,,,,,imdb_scrape,,2026-01-11T16:14:13.936536,,,,,,,,,https://www.imdb.com/title/tt37062070/
fc_d304f20dda579357,,tt39028852,,,,4. Aukaat Ke Bahar,,,,,,,,,,,,,,,,,,,,,,,,,,,,,,,,,,,,,,,,,,,,,,,,,,,,,,,imdb_scrape,,2026-01-11T16:14:13.936547,,,,,,,,,https://www.imdb.com/title/tt39028852/
fc_14fd67377a0a9e21,,tt39227709,,,,5. Honeymoon Se Hatya,,,,,,,,,,,,,,,,,,,,,,,,,,,,,,,,,,,,,,,,,,,,,,,,,,,,,,,imdb_scrape,,2026-01-11T16:14:13.936559,,,,,,,,,https://www.imdb.com/title/tt39227709/
fc_b1b88ba45457de68,,tt31314791,,,,6. The Copenhagen Test,,,,,,,,,,,,,,,,,,,,,,,,,,,,,,,,,,,,,,,,,,,,,,,,,,,,,,,imdb_scrape,,2026-01-11T16:14:13.936569,,,,,,,,,https://www.imdb.com/title/tt31314791/
fc_5af160019cf6dd26,,tt35674970,,,,7. Bhay: The Gaurav Tiwari Mystery,,,,,,,,,,,,,,,,,,,,,,,,,,,,,,,,,,,,,,,,,,,,,,,,,,,,,,,imdb_scrape,,2026-01-11T16:14:13.936576,,,,,,,,,https://www.imdb.com/title/tt35674970/
fc_bfeb6da983d6ed6f,,tt37218592,,,,8. The Price of Confession,,,,,,,,,,,,,,,,,,,,,,,,,,,,,,,,,,,,,,,,,,,,,,,,,,,,,,,imdb_scrape,,2026-01-11T16:14:13.936583,,,,,,,,,https://www.imdb.com/title/tt37218592/
fc_c4431d8982b17b62,,tt33501959,,,,9. Land of Sin,,,,,,,,,,,,,,,,,,,,,,,,,,,,,,,,,,,,,,,,,,,,,,,,,,,,,,,imdb_scrape,,2026-01-11T16:14:13.936590,,,,,,,,,https://www.imdb.com/title/tt33501959/
fc_5646c33e21d79a96,,tt30413044,,,,10. Cashero,,,,,,,,,,,,,,,,,,,,,,,,,,,,,,,,,,,,,,,,,,,,,,,,,,,,,,,imdb_scrape,,2026-01-11T16:14:13.936597,,,,,,,,,https://www.imdb.com/title/tt30413044/
fc_ff00dbec1013ae70,,tt34929457,,,,11. Dare You to Death,,,,,,,,,,,,,,,,,,,,,,,,,,,,,,,,,,,,,,,,,,,,,,,,,,,,,,,imdb_scrape,,2026-01-11T16:14:13.936605,,,,,,,,,https://www.imdb.com/title/tt34929457/
fc_6e43f5b8c07ec2ee,,tt32536168,,,,12. Yûsha-kei ni Shosu Chôbatsu Yûsha 9004-tai Keimu Kiroku,,,,,,,,,,,,,,,,,,,,,,,,,,,,,,,,,,,,,,,,,,,,,,,,,,,,,,,imdb_scrape,,2026-01-11T16:14:13.936612,,,,,,,,,https://www.imdb.com/title/tt32536168/
fc_449570397a5ebbba,,tt24243760,,,,13. The Town,,,,,,,,,,,,,,,,,,,,,,,,,,,,,,,,,,,,,,,,,,,,,,,,,,,,,,,imdb_scrape,,2026-01-11T16:14:13.936647,,,,,,,,,https://www.imdb.com/title/tt24243760/
fc_e5fbcd8d51801213,,tt38990492,,,,14. Mrs. Deshpande,,,,,,,,,,,,,,,,,,,,,,,,,,,,,,,,,,,,,,,,,,,,,,,,,,,,,,,imdb_scrape,,2026-01-11T16:14:13.936660,,,,,,,,,https://www.imdb.com/title/tt38990492/
fc_0404427aa2ba1460,,tt33369549,,,,15. My Brother,,,,,,,,,,,,,,,,,,,,,,,,,,,,,,,,,,,,,,,,,,,,,,,,,,,,,,,imdb_scrape,,2026-01-11T16:14:13.936667,,,,,,,,,https://www.imdb.com/title/tt33369549/
fc_451b71e06fdc5e86,,tt38568136,,,,16. Kuttram Purindhavan: The Guilty One,,,,,,,,,,,,,,,,,,,,,,,,,,,,,,,,,,,,,,,,,,,,,,,,,,,,,,,imdb_scrape,,2026-01-11T16:14:13.936674,,,,,,,,,https://www.imdb.com/title/tt38568136/
fc_d51eb4c98b39c955,,tt39231511,,,,17. Vinny Ki Kitaab,,,,,,,,,,,,,,,,,,,,,,,,,,,,,,,,,,,,,,,,,,,,,,,,,,,,,,,imdb_scrape,,2026-01-11T16:14:13.936684,,,,,,,,,https://www.imdb.com/title/tt39231511/
fc_b8b04a9f33db34a8,,tt36584543,,,,18. Jasmine,,,,,,,,,,,,,,,,,,,,,,,,,,,,,,,,,,,,,,,,,,,,,,,,,,,,,,,imdb_scrape,,2026-01-11T16:14:13.936691,,,,,,,,,https://www.imdb.com/title/tt36584543/
fc_e29d473821967d05,,tt13924304,,,,19. Sandokan,,,,,,,,,,,,,,,,,,,,,,,,,,,,,,,,,,,,,,,,,,,,,,,,,,,,,,,imdb_scrape,,2026-01-11T16:14:13.936698,,,,,,,,,https://www.imdb.com/title/tt13924304/
fc_d2791fd363fdbc3c,,tt36885662,,,,20. Best Medicine,,,,,,,,,,,,,,,,,,,,,,,,,,,,,,,,,,,,,,,,,,,,,,,,,,,,,,,imdb_scrape,,2026-01-11T16:14:13.936707,,,,,,,,,https://www.imdb.com/title/tt36885662/
fc_b56530bd3b342ea8,,tt36596644,,,,21. Speed and Love,,,,,,,,,,,,,,,,,,,,,,,,,,,,,,,,,,,,,,,,,,,,,,,,,,,,,,,imdb_scrape,,2026-01-11T16:14:13.936717,,,,,,,,,https://www.imdb.com/title/tt36596644/
fc_17db4e09bdadad9c,,tt39133077,,,,22. Girl Taken,,,,,,,,,,,,,,,,,,,,,,,,,,,,,,,,,,,,,,,,,,,,,,,,,,,,,,,imdb_scrape,,2026-01-11T16:14:13.936731,,,,,,,,,https://www.imdb.com/title/tt39133077/
fc_4edabe0a4fc64cd4,,tt37610565,,,,23. Simon Cowell: The Next Act,,,,,,,,,,,,,,,,,,,,,,,,,,,,,,,,,,,,,,,,,,,,,,,,,,,,,,,imdb_scrape,,2026-01-11T16:14:13.936742,,,,,,,,,https://www.imdb.com/title/tt37610565/
fc_91abe654f31f113d,,tt39012462,,,,24. Pro Bono,,,,,,,,,,,,,,,,,,,,,,,,,,,,,,,,,,,,,,,,,,,,,,,,,,,,,,,imdb_scrape,,2026-01-11T16:14:13.936752,,,,,,,,,https://www.imdb.com/title/tt39012462/
fc_263da88bfba0d586,,tt37762533,,,,25. Fugue State 1986,,,,,,,,,,,,,,,,,,,,,,,,,,,,,,,,,,,,,,,,,,,,,,,,,,,,,,,imdb_scrape,,2026-01-11T16:14:13.936759,,,,,,,,,https://www.imdb.com/title/tt37762533/
fc_fa4061455082f6c9,,tt1757678,,,,1. Avatar: Fire and Ash,,,,,,,,,,,,,,,,,,,,,,,,,,,,,,,,,,,,,,,,,,,,,,,,,,,,,,,imdb_scrape,,2026-01-11T16:14:13.936777,,,,,,,,,https://www.imdb.com/title/tt1757678/
fc_8380b72ba6e03113,,tt33014583,,,,2. Dhurandhar,,,,,,,,,,,,,,,,,,,,,,,,,,,,,,,,,,,,,,,,,,,,,,,,,,,,,,,imdb_scrape,,2026-01-11T16:14:13.936788,,,,,,,,,https://www.imdb.com/title/tt33014583/
fc_60a7eee3e4d59d42,,tt30274401,,,,3. Five Nights at Freddy's 2,,,,,,,,,,,,,,,,,,,,,,,,,,,,,,,,,,,,,,,,,,,,,,,,,,,,,,,imdb_scrape,,2026-01-11T16:14:13.936799,,,,,,,,,https://www.imdb.com/title/tt30274401/
fc_7444ceba16f96fb0,,tt27543632,,,,4. The Housemaid,,,,,,,,,,,,,,,,,,,,,,,,,,,,,,,,,,,,,,,,,,,,,,,,,,,,,,,imdb_scrape,,2026-01-11T16:14:13.936812,,,,,,,,,https://www.imdb.com/title/tt27543632/
fc_28f08f4101f43e22,,tt35146696,,,,5. Tu Meri Main Tera Main Tera Tu Meri,,,,,,,,,,,,,,,,,,,,,,,,,,,,,,,,,,,,,,,,,,,,,,,,,,,,,,,imdb_scrape,,2026-01-11T16:14:13.936823,,,,,,,,,https://www.imdb.com/title/tt35146696/
fc_998a95b3292d83c7,,tt15464188,,,,6. Ikkis,,,,,,,,,,,,,,,,,,,,,,,,,,,,,,,,,,,,,,,,,,,,,,,,,,,,,,,imdb_scrape,,2026-01-11T16:14:13.936834,,,,,,,,,https://www.imdb.com/title/tt15464188/
fc_0a12b433abdcdd30,,tt31998881,,,,7. Oh. What. Fun.,,,,,,,,,,,,,,,,,,,,,,,,,,,,,,,,,,,,,,,,,,,,,,,,,,,,,,,imdb_scrape,,2026-01-11T16:14:13.936845,,,,,,,,,https://www.imdb.com/title/tt31998881/
fc_88379a3e704d8842,,tt33244668,,,,8. Anaconda,,,,,,,,,,,,,,,,,,,,,,,,,,,,,,,,,,,,,,,,,,,,,,,,,,,,,,,imdb_scrape,,2026-01-11T16:14:13.936855,,,,,,,,,https://www.imdb.com/title/tt33244668/
fc_1a8bd37f04acadfd,,tt29232158,,,,9. Troll 2,,,,,,,,,,,,,,,,,,,,,,,,,,,,,,,,,,,,,,,,,,,,,,,,,,,,,,,imdb_scrape,,2026-01-11T16:14:13.936862,,,,,,,,,https://www.imdb.com/title/tt29232158/
fc_79ac7eae8c19217e,,tt35219851,,,,10. My Secret Santa,,,,,,,,,,,,,,,,,,,,,,,,,,,,,,,,,,,,,,,,,,,,,,,,,,,,,,,imdb_scrape,,2026-01-11T16:14:13.936869,,,,,,,,,https://www.imdb.com/title/tt35219851/
fc_148c8033e7d95383,,tt22740896,,,,11. People We Meet on Vacation,,,,,,,,,,,,,,,,,,,,,,,,,,,,,,,,,,,,,,,,,,,,,,,,,,,,,,,imdb_scrape,,2026-01-11T16:14:13.936876,,,,,,,,,https://www.imdb.com/title/tt22740896/
fc_af808b2f9507ebfc,,tt35766629,,,,12. Goodbye June,,,,,,,,,,,,,,,,,,,,,,,,,,,,,,,,,,,,,,,,,,,,,,,,,,,,,,,imdb_scrape,,2026-01-11T16:14:13.936883,,,,,,,,,https://www.imdb.com/title/tt35766629/
fc_2bc019f61376b633,,tt23790696,,,,13. The Raja Saab,,,,,,,,,,,,,,,,,,,,,,,,,,,,,,,,,,,,,,,,,,,,,,,,,,,,,,,imdb_scrape,,2026-01-11T16:14:13.936890,,,,,,,,,https://www.imdb.com/title/tt23790696/
fc_8014eb41f6669512,,tt32362695,,,,14. Sarvam Maya,,,,,,,,,,,,,,,,,,,,,,,,,,,,,,,,,,,,,,,,,,,,,,,,,,,,,,,imdb_scrape,,2026-01-11T16:14:13.936900,,,,,,,,,https://www.imdb.com/title/tt32362695/
fc_79207f3f8086000d,,tt28551273,,,,15. Bha. Bha. Ba.,,,,,,,,,,,,,,,,,,,,,,,,,,,,,,,,,,,,,,,,,,,,,,,,,,,,,,,imdb_scrape,,2026-01-11T16:14:13.936911,,,,,,,,,https://www.imdb.com/title/tt28551273/
fc_e922e52f3630a85d,,tt29008225,,,,16. Fackham Hall,,,,,,,,,,,,,,,,,,,,,,,,,,,,,,,,,,,,,,,,,,,,,,,,,,,,,,,imdb_scrape,,2026-01-11T16:14:13.936922,,,,,,,,,https://www.imdb.com/title/tt29008225/
fc_df657cddebc8b4c6,,tt35019998,,,,17. Parasakthi,,,,,,,,,,,,,,,,,,,,,,,,,,,,,,,,,,,,,,,,,,,,,,,,,,,,,,,imdb_scrape,,2026-01-11T16:14:13.936941,,,,,,,,,https://www.imdb.com/title/tt35019998/
fc_3269218ffe04dcea,,tt31281659,,,,18. Merv,,,,,,,,,,,,,,,,,,,,,,,,,,,,,,,,,,,,,,,,,,,,,,,,,,,,,,,imdb_scrape,,2026-01-11T16:14:13.936955,,,,,,,,,https://www.imdb.com/title/tt31281659/
fc_28559e6628f59010,,tt15387182,,,,19. Akhanda 2 - Thaandavam,,,,,,,,,,,,,,,,,,,,,,,,,,,,,,,,,,,,,,,,,,,,,,,,,,,,,,,imdb_scrape,,2026-01-11T16:14:13.936967,,,,,,,,,https://www.imdb.com/title/tt15387182/
fc_9eacfb182921be0b,,tt32537226,,,,20. Hunting Season,,,,,,,,,,,,,,,,,,,,,,,,,,,,,,,,,,,,,,,,,,,,,,,,,,,,,,,imdb_scrape,,2026-01-11T16:14:13.936979,,,,,,,,,https://www.imdb.com/title/tt32537226/
fc_f96eaf0c5eed2d2c,,tt34159694,,,,21. Shambhala,,,,,,,,,,,,,,,,,,,,,,,,,,,,,,,,,,,,,,,,,,,,,,,,,,,,,,,imdb_scrape,,2026-01-11T16:14:13.936990,,,,,,,,,https://www.imdb.com/title/tt34159694/
fc_99199bb38e2d9789,,tt37443891,,,,22. Raat Akeli Hai: The Bansal Murders,,,,,,,,,,,,,,,,,,,,,,,,,,,,,,,,,,,,,,,,,,,,,,,,,,,,,,,imdb_scrape,,2026-01-11T16:14:13.937001,,,,,,,,,https://www.imdb.com/title/tt37443891/
fc_6da806c789e5e56b,,tt33014233,,,,23. Gezhi Town,,,,,,,,,,,,,,,,,,,,,,,,,,,,,,,,,,,,,,,,,,,,,,,,,,,,,,,imdb_scrape,,2026-01-11T16:14:13.937013,,,,,,,,,https://www.imdb.com/title/tt33014233/
fc_ade643f7bbb17ed1,,tt15678738,,,,24. David,,,,,,,,,,,,,,,,,,,,,,,,,,,,,,,,,,,,,,,,,,,,,,,,,,,,,,,imdb_scrape,,2026-01-11T16:14:13.937023,,,,,,,,,https://www.imdb.com/title/tt15678738/
fc_4bfb7a078291d2ad,,tt39115096,,,,25. Nirvaagam Porupalla,,,,,,,,,,,,,,,,,,,,,,,,,,,,,,,,,,,,,,,,,,,,,,,,,,,,,,,imdb_scrape,,2026-01-11T16:14:13.937034,,,,,,,,,https://www.imdb.com/title/tt39115096/
